ID;Titulo;Portable;Max Jugadores;Multiplatforma;Online;Genero;Desarrollador;Console;Rating;Year
1;Super Mario 64 DS;True;1;True;True;Action;Nintendo;Nintendo DS;E;2004
2;Lumines: Puzzle Fusion;True;1;True;True;Strategy;Ubisoft;Sony PSP;E;2004
3;WarioWare Touched!;True;2;True;True;Action,Racing / Driving,Sports;Nintendo;Nintendo DS;E;2004
4;Hot Shots Golf: Open Tee;True;1;True;True;Sports;Sony;Sony PSP;E;2004
5;Spider-Man 2;True;1;True;True;Action;Activision;Nintendo DS;E;2004
6;The Urbz: Sims in the City;True;1;True;True;Simulation;EA;Nintendo DS;M;2004
7;Ridge Racer;True;1;True;True;Racing / Driving;Namco;Sony PSP;E;2004
8;Metal Gear Ac!d;True;1;True;True;Strategy;Konami;Sony PSP;E;2004
9;Madden NFL 2005;True;1;True;True;Sports;EA;Nintendo DS;T;2004
10;Pokmon Dash;True;1;True;True;Racing / Driving;Nintendo;Nintendo DS;T;2004
11;Dynasty Warriors;True;1;True;True;Action,Adventure,Role-Playing (RPG);;Sony PSP;E;2004
12;Feel the Magic XY/XX;True;1;True;True;Action,Adventure,Racing / Driving,Sports;Sega;Nintendo DS;T;2004
13;Ridge Racer DS;True;1;True;True;Racing / Driving;Namco;Nintendo DS;E;2004
14;Darkstalkers Chronicle: The Chaos Tower;True;1;True;True;Action;Capcom;Sony PSP;E;2004
15;Ape Escape Academy;True;4;True;True;Action,Sports;Sony;Sony PSP;E;2004
16;Polarium;True;1;True;True;Strategy;Nintendo;Nintendo DS;E;2004
17;Asphalt: Urban GT;True;1;True;True;Racing / Driving,Simulation;Ubisoft;Nintendo DS;E;2004
18;Zoo Keeper;True;1;True;True;Action;;Nintendo DS;T;2004
19;Mr. DRILLER: Drill Spirits;True;1;True;True;Action;Namco;Nintendo DS;T;2004
20;Sprung;True;1;True;True;Adventure;Ubisoft;Nintendo DS;E;2004
21;Armored Core: Formula Front - Extreme Battle;True;1;True;True;Action,Strategy;;Sony PSP;E;2004
22;Puyo Pop Fever;True;1;True;True;Action,Strategy;Sega;Nintendo DS;E;2004
23;Mario Kart DS;True;1;True;True;Racing / Driving;Nintendo;Nintendo DS;E;2005
24;Nintendogs;True;1;True;True;Simulation;Nintendo;Nintendo DS;E;2005
25;Brain Age: Train Your Brain in Minutes a Day!;True;1;True;True;Action;Nintendo;Nintendo DS;M;2005
26;Brain Agey: More Training in Minutes a Day!;True;1;True;True;Action;Nintendo;Nintendo DS;E;2005
27;Grand Theft Auto: Liberty City Stories;True;1;True;True;Action,Racing / Driving;Capcom,Rockstar;Sony PSP;E;2005
28;Animal Crossing: Wild World;True;1;True;True;Simulation;Nintendo;Nintendo DS;T;2005
29;Big Brain Academy;True;1;True;True;Action;Nintendo;Nintendo DS;E;2005
30;Call of Duty 2;True;4;True;True;Action;Activision,Konami;X360;E;2005
31;Midnight Club 3: DUB Edition;True;1;True;True;Racing / Driving;Rockstar;Sony PSP;T;2005
32;Need for Speed: Most Wanted 5-1-0;True;1;True;True;Racing / Driving;EA;Sony PSP;M;2005
33;Pokmon Mystery Dungeon: Blue Rescue Team;True;1;True;True;Role-Playing (RPG);Nintendo;Nintendo DS;T;2005
34;Sonic Rush;True;1;True;True;Action;Sega;Nintendo DS;E;2005
35;Star Wars: Battlefront II;True;1;True;True;Action;;Sony PSP;E;2005
36;SOCOM: U.S. Navy SEALs - Fireteam Bravo;True;1;True;True;Action;Sony;Sony PSP;E;2005
37;Need for Speed: Most Wanted;True;2;True;True;Racing / Driving;EA;X360;E;2005
38;Zoo Tycoon DS;True;1;True;True;Simulation,Strategy;THQ;Nintendo DS;T;2005
39;The Sims 2;True;1;True;True;Role-Playing (RPG),Simulation;EA;Nintendo DS;M;2005
40;Mario & Luigi: Partners in Time;True;1;True;True;Action,Role-Playing (RPG);Nintendo;Nintendo DS;E;2005
41;Madden NFL 06;True;1;True;True;Sports;EA;Sony PSP;E;2005
42;Need for Speed Underground: Rivals;True;4;True;True;Racing / Driving;EA;Sony PSP;E;2005
43;Twisted Metal: Head-On;True;1;True;True;Action,Racing / Driving;Sony;Sony PSP;E;2005
44;Perfect Dark Zero;True;4;True;True;Action;Microsoft;X360;E;2005
45;Super Monkey Ball: Touch & Roll;True;1;True;True;Action;Sega;Nintendo DS;T;2005
46;Super Princess Peach;True;1;True;True;Action;Nintendo;Nintendo DS;T;2005
47;Burnout Legends;True;1;True;True;Action,Racing / Driving;EA;Sony PSP;T;2005
48;Madden NFL 06;True;2;True;True;Sports;EA;X360;E;2005
49;Clubhouse Games;True;1;True;True;Strategy;Nintendo;Nintendo DS;E;2005
50;ATV Offroad Fury: Blazin' Trails;True;4;True;True;Racing / Driving,Sports;Sony;Sony PSP;T;2005
51;Untold Legends: Brotherhood of the Blade;True;1;True;True;Action,Role-Playing (RPG);Activision,Sony;Sony PSP;M;2005
52;Tony Hawk's Underground 2: Remix;True;1;True;True;Sports;Activision;Sony PSP;T;2005
53;The Sims 2;True;1;True;True;Simulation,Strategy;EA;Sony PSP;T;2005
54;WipEout Pure;True;1;True;True;Action,Racing / Driving;Sony;Sony PSP;E;2005
55;NBA Live 06;True;1;True;True;Sports;EA;Sony PSP;E;2005
56;WWE Smackdown vs. Raw 2006;True;4;True;True;Action,Sports;THQ;Sony PSP;T;2005
57;Dead or Alive 4;True;4;True;True;Action;;X360;E;2005
58;Phoenix Wright: Ace Attorney;True;1;True;True;Adventure,Simulation;Capcom;Nintendo DS;E;2005
59;Spider-Man 2;True;1;True;True;Action;Activision;Sony PSP;M;2005
60;NFL Street 2;True;4;True;True;Sports;EA;Sony PSP;T;2005
61;Kirby: Canvas Curse;True;1;True;True;Action;Nintendo;Nintendo DS;T;2005
62;Battlefield 2: Modern Combat;True;4;True;True;Action;EA;X360;E;2005
63;Yoshi Touch & Go;True;1;True;True;Action;Nintendo;Nintendo DS;T;2005
64;Tiger Woods PGA Tour 06;True;4;True;True;Sports;EA;X360;T;2005
65;Condemned: Criminal Origins;True;1;True;True;Action,Adventure;Sega;X360;E;2005
66;Peter Jackson's King Kong: The Official Game of...;True;2;True;True;Action;Ubisoft;X360;T;2005
67;Castlevania: Dawn of Sorrow;True;1;True;True;Action,Role-Playing (RPG);Konami;Nintendo DS;T;2005
68;SpongeBob SquarePants: The Yellow Avenger;True;1;True;True;Action;THQ;Nintendo DS;E;2005
69;Marvel Nemesis: Rise of the Imperfects ;True;1;True;True;Action;EA;Sony PSP;T;2005
70;Kameo: Elements of Power;True;1;True;True;Action;Microsoft;X360;T;2005
71;Advance Wars: Dual Strike;True;1;True;True;Strategy;Nintendo;Nintendo DS;T;2005
72;Trauma Center: Under the Knife;True;1;True;True;Action,Simulation;Nintendo;Nintendo DS;T;2005
73;Coded Arms;True;1;True;True;Action;Konami;Sony PSP;M;2005
74;NBA LIVE 06 ;True;1;True;True;Sports;EA;X360;E;2005
75;Tony Hawk's American Wasteland;True;1;True;True;Sports;Activision;X360;E;2005
76;Star Wars: Episode III - Revenge of the Sith;True;1;True;True;Action;Ubisoft;Nintendo DS;E;2005
77;Capcom Classics Collection Remixed;True;1;True;True;Action;Capcom;Sony PSP;E;2005
78;Madagascar;True;1;True;True;Adventure;Activision;Nintendo DS;E;2005
79;X-Men: Legends II - Rise of Apocalypse;True;1;True;True;Action,Role-Playing (RPG);Activision;Sony PSP;M;2005
80;Quake 4;True;1;True;True;Action;Activision;X360;E;2005
81;Pokmon Trozei!;True;1;True;True;Strategy;Nintendo;Nintendo DS;E;2005
82;Need for Speed: Most Wanted;True;1;True;True;Racing / Driving;EA;Nintendo DS;E;2005
83;Mega Man Maverick Hunter X;True;1;True;True;Action;Capcom;Sony PSP;E;2005
84;Metroid Prime Pinball;True;1;True;True;Action,Simulation;Nintendo;Nintendo DS;E;2005
85;NBA 06;True;1;True;True;Sports;Sony;Sony PSP;E;2005
86;GUN ;True;1;True;True;Action,Racing / Driving,Role-Playing (RPG);Activision;X360;E;2005
87;NBA 2K6 ;True;1;True;True;Sports;2K;X360;E;2005
88;Pinball Hall of Fame: The Gottlieb Collection;True;4;True;True;Action;;Sony PSP;T;2005
89;Harry Potter and the Goblet of Fire;True;1;True;True;Action;EA;Nintendo DS;T;2005
90;Tony Hawk's American Sk8land;True;1;True;True;Sports;Activision;Nintendo DS;E;2005
91;MVP Baseball;True;1;True;True;Sports;EA;Sony PSP;M;2005
92;Tiger Woods PGA Tour;True;1;True;True;Sports;EA;Sony PSP;E;2005
93;World Series of Poker;True;1;True;True;Sports,Strategy;Activision;Sony PSP;E;2005
94;SSX on Tour;True;1;True;True;Sports;EA;Sony PSP;E;2005
95;Tiger Woods PGA Tour 06;True;1;True;True;Sports;EA;Sony PSP;T;2005
96;Death Jr.;True;1;True;True;Action;Konami;Sony PSP;M;2005
97;Harry Potter and the Goblet of Fire;True;1;True;True;Action;EA;Sony PSP;T;2005
98;MediEvil Resurrection;True;1;True;True;Action;Sony;Sony PSP;T;2005
99;The Chronicles of Narnia: The Lion, the Witch a...;True;1;True;True;Action,Role-Playing (RPG);;Nintendo DS;T;2005
100;Shrek SuperSlam;True;1;True;True;Action;Activision;Nintendo DS;E;2005
101;Virtua Tennis: World Tour;True;1;True;True;Sports;Sega;Sony PSP;M;2005
102;Prince of Persia: Revelations;True;1;True;True;Action;Ubisoft;Sony PSP;E;2005
103;Burnout Legends;True;1;True;True;Action,Racing / Driving;EA;Nintendo DS;E;2005
104;Meteos;True;1;True;True;Strategy;Nintendo;Nintendo DS;E;2005
105;Spyro: Shadow Legacy;True;1;True;True;Role-Playing (RPG);;Nintendo DS;E;2005
106;The Con;True;1;True;True;Action;Sony;Sony PSP;E;2005
107;Infected;True;1;True;True;Action;;Sony PSP;E;2005
108;Pursuit Force;True;1;True;True;Action,Racing / Driving;Sony;Sony PSP;M;2005
109;Kingdom of Paradise;True;2;True;True;Action,Role-Playing (RPG);Sony;Sony PSP;E;2005
110;Dragon Ball Z: Supersonic Warriors 2;True;1;True;True;Action;Atari;Nintendo DS;E;2005
111;Dragon Quest Heroes: Rocket Slime;True;1;True;True;Action;SquareEnix;Nintendo DS;T;2005
112;Dead to Rights: Reckoning;True;1;True;True;Action;Namco;Sony PSP;E;2005
113;Amped 3;True;1;True;True;Sports;2K;X360;E;2005
114;Break 'em All;True;1;True;True;Action;;Nintendo DS;T;2005
115;Lunar: Dragon Song;True;1;True;True;Role-Playing (RPG);Ubisoft;Nintendo DS;M;2005
116;Madden NFL 06;True;1;True;True;Sports;EA;Nintendo DS;E;2005
117;Retro Atari Classics;True;1;True;True;Action,Racing / Driving,Simulation;Atari;Nintendo DS;E;2005
118;True Swing Golf;True;1;True;True;Sports;Nintendo;Nintendo DS;E;2005
119;FIFA Soccer;True;1;True;True;Sports;EA;Sony PSP;E;2005
120;Metal Gear Ac!d 2;True;1;True;True;Strategy;Konami;Sony PSP;E;2005
121;ATV Quad Frenzy;True;1;True;True;Racing / Driving,Sports;;Nintendo DS;T;2005
122;Bomberman;True;1;True;True;Strategy;Ubisoft;Nintendo DS;E;2005
123;GoldenEye: Rogue Agent;True;1;True;True;Action;EA;Nintendo DS;T;2005
124;Need for Speed Underground 2;True;1;True;True;Racing / Driving;EA;Nintendo DS;T;2005
125;Frogger: Helmet Chaos;True;1;True;True;Action;Konami;Sony PSP;E;2005
126;The Lord of the Rings: Tactics;True;1;True;True;Role-Playing (RPG),Strategy;EA;Sony PSP;M;2005
127;Rengoku: The Tower of Purgatory;True;1;True;True;Action,Role-Playing (RPG);Konami;Sony PSP;E;2005
128;Gretzky NHL;True;2;True;True;Sports;Sony;Sony PSP;E;2005
129;Ridge Racer 6;True;2;True;True;Racing / Driving;EA,Namco;X360;E;2005
130;Ford Racing 3;True;1;True;True;Action,Racing / Driving;;Nintendo DS;E;2005
131;NHL 2K6 ;True;1;True;True;Sports;2K;X360;T;2005
132;Bust-a-Move DS;True;1;True;True;Action,Strategy;;Nintendo DS;E;2005
133;Battles of Prince of Persia;True;1;True;True;Strategy;Ubisoft;Nintendo DS;E;2005
134;GripShift;True;1;True;True;Racing / Driving;Ubisoft;Sony PSP;E;2005
135;Marvel Nemesis: Rise of the Imperfects ;True;1;True;True;Action;EA;Nintendo DS;T;2005
136;Scooby-Doo! Unmasked;True;1;True;True;Action;THQ;Nintendo DS;E;2005
137;Viewtiful Joe: Double Trouble!;True;1;True;True;Action;Capcom;Nintendo DS;E;2005
138;The Legend of Heroes: A Tear of Vermillion;True;1;True;True;Role-Playing (RPG);;Sony PSP;T;2005
139;PQ: Practical Intelligence Quotient;True;1;True;True;Strategy;;Sony PSP;E;2005
140;Lost in Blue;True;1;True;True;Role-Playing (RPG);Konami;Nintendo DS;T;2005
141;Ghost in the Shell: Stand Alone Complex;True;1;True;True;Action;Sony;Sony PSP;E;2005
142;Dig Dug: Digging Strike;True;1;True;True;Action;Namco;Nintendo DS;E;2005
143;Frogger: Helmet Chaos;True;1;True;True;Action;Konami;Nintendo DS;E;2005
144;Mega Man Battle Network 5: Double Team DS;True;1;True;True;Action,Role-Playing (RPG);Capcom;Nintendo DS;E;2005
145;Nanostray;True;1;True;True;Action;THQ;Nintendo DS;E;2005
146;Sega Casino;True;1;True;True;Simulation;Sega;Nintendo DS;M;2005
147;Teenage Mutant Ninja Turtles 3: Mutant Nightmare;True;1;True;True;Action,Adventure;Konami;Nintendo DS;T;2005
148;Pac-Man World 3;True;1;True;True;Action;EA,Namco;Sony PSP;E;2005
149;Tokobot;True;1;True;True;Strategy;;Sony PSP;T;2005
150;Fullmetal Alchemist: Dual Sympathy;True;1;True;True;Action;;Nintendo DS;M;2005
151;Exit;True;1;True;True;Action;Ubisoft;Sony PSP;E;2005
152;Bubble Bobble Revolution;True;1;True;True;Action;;Nintendo DS;M;2005
153;The Rub Rabbits!;True;2;True;True;Action,Adventure;Sega;Nintendo DS;M;2005
154;Electroplankton;True;1;True;True;Simulation;Nintendo;Nintendo DS;T;2005
155;LifeSigns: Surgical Unit;True;1;True;True;Simulation,Strategy;;Nintendo DS;T;2005
156;Space Invaders Revolution;True;1;True;True;Action;;Nintendo DS;E;2005
157;Wii Play;True;2;True;True;Action,Sports;Nintendo;Nintendo Wii;T;2006
158;New Super Mario Bros.;True;1;True;True;Action;Nintendo;Nintendo DS;T;2006
159;Pokmon Diamond;True;1;True;True;Role-Playing (RPG);Nintendo;Nintendo DS;E;2006
160;Pokmon Pearl;True;1;True;True;Role-Playing (RPG);Nintendo;Nintendo DS;E;2006
161;Gears of War;True;2;True;True;Action;Microsoft;X360;M;2006
162;The Legend of Zelda: Twilight Princess;True;1;True;True;Action,Role-Playing (RPG);Nintendo;Nintendo Wii;M;2006
163;Cooking Mama;True;1;True;True;Simulation;;Nintendo DS;M;2006
164;Marvel Ultimate Alliance;True;4;True;True;Action,Role-Playing (RPG);Activision;X360;T;2006
165;Daxter;True;1;True;True;Action;Sony;Sony PSP;T;2006
166;The Elder Scrolls IV: Oblivion;True;1;True;True;Action,Role-Playing (RPG);2K;X360;E;2006
167;Madden NFL 07;True;2;True;True;Sports;EA;X360;E;2006
168;Grand Theft Auto: Vice City Stories;True;1;True;True;Action,Racing / Driving;Rockstar;Sony PSP;E;2006
169;Resistance: Fall of Man;True;4;True;True;Action;Sony;PlayStation 3;E;2006
170;MotorStorm;True;1;True;True;Action,Racing / Driving,Sports;Sony;PlayStation 3;T;2006
171;Call of Duty 3;True;2;True;True;Action;Activision;X360;T;2006
172;Yoshi's Island DS;True;1;True;True;Action;Nintendo;Nintendo DS;E;2006
173;Tom Clancy's Ghost Recon: Advanced Warfighter;True;4;True;True;Action;Ubisoft;X360;E;2006
174;Fight Night Round 3;True;2;True;True;Action,Sports;EA;X360;E;2006
175;Pokmon Ranger;True;1;True;True;Role-Playing (RPG);Nintendo;Nintendo DS;E;2006
176;Rayman Raving Rabbids;True;4;True;True;Action;Ubisoft;Nintendo Wii;T;2006
177;Saints Row;True;1;True;True;Action,Racing / Driving;THQ;X360;T;2006
178;Tom Clancy's Rainbow Six: Vegas;True;2;True;True;Action;Ubisoft;X360;E;2006
179;Dead Rising;True;1;True;True;Action;Capcom;X360;E;2006
180;Call of Duty 3;True;1;True;True;Action;Activision;Nintendo Wii;E;2006
181;Lost Planet: Extreme Condition;True;1;True;True;Action;Capcom;X360;M;2006
182;Mario Hoops 3 on 3;True;1;True;True;Sports;Nintendo;Nintendo DS;M;2006
183;LEGO Star Wars II: The Original Trilogy;True;1;True;True;Action;EA;Nintendo DS;E;2006
184;Super Monkey Ball: Banana Blitz;True;4;True;True;Action;Sega;Nintendo Wii;T;2006
185;The Sims 2: Pets;True;1;True;True;Simulation;EA;Nintendo DS;T;2006
186;Need for Speed: Carbon - Own the City;True;1;True;True;Racing / Driving;EA;Sony PSP;E;2006
187;WarioWare: Smooth Moves;True;6;True;True;Action,Racing / Driving,Sports;Nintendo;Nintendo Wii;T;2006
188;Fight Night Round 3;True;2;True;True;Action,Sports;EA;PlayStation 3;T;2006
189;Final Fantasy III;True;1;True;True;Role-Playing (RPG);SquareEnix;Nintendo DS;E;2006
190;SOCOM: U.S. Navy SEALs - Fireteam Bravo 2;True;1;True;True;Action;Sony;Sony PSP;E;2006
191;Madden NFL 07;True;1;True;True;Sports;EA;Sony PSP;E;2006
192;Monster 4x4: World Circuit;True;4;True;True;Racing / Driving;Ubisoft;Nintendo Wii;E;2006
193;Kirby: Squeak Squad;True;1;True;True;Action;Nintendo;Nintendo DS;T;2006
194;Pokmon Battle Revolution;True;4;True;True;Action,Strategy;Nintendo;Nintendo Wii;T;2006
195;Medal of Honor: Heroes;True;1;True;True;Action;EA;Sony PSP;E;2006
196;Tekken: Dark Resurrection;True;1;True;True;Action;Namco,Sony;Sony PSP;E;2006
197;Need for Speed: Carbon;True;2;True;True;Racing / Driving;EA;X360;E;2006
198;Mario vs. Donkey Kong 2: March of the Minis;True;1;True;True;Action;Nintendo;Nintendo DS;T;2006
199;Sonic Rivals;True;1;True;True;Action,Racing / Driving;Sega;Sony PSP;T;2006
200;NCAA Football 07;True;2;True;True;Sports;EA;X360;E;2006
201;Mortal Kombat: Unchained;True;2;True;True;Action;Midway;Sony PSP;E;2006
202;Tom Clancy's Splinter Cell: Double Agent;True;1;True;True;Action;Ubisoft;X360;E;2006
203;Tetris DS;True;1;True;True;Strategy;Nintendo;Nintendo DS;M;2006
204;LEGO Star Wars II: The Original Trilogy;True;2;True;True;Action;;Sony PSP;T;2006
205;Red Steel;True;4;True;True;Action;Ubisoft;Nintendo Wii;T;2006
206;Metroid Prime: Hunters;True;1;True;True;Action;Nintendo;Nintendo DS;E;2006
207;LEGO Star Wars II: The Original Trilogy;True;2;True;True;Action;;X360;E;2006
208;NBA 2K7 ;True;1;True;True;Sports;2K;X360;E;2006
209;SEGA Genesis Collection;True;2;True;True;Action,Racing / Driving,Role-Playing (RPG),Strategy;Sega;Sony PSP;T;2006
210;Call of Duty 3;True;1;True;True;Action;Activision;PlayStation 3;T;2006
211;NBA Live 07;True;1;True;True;Sports;EA;Sony PSP;E;2006
212;Madden NFL 07;True;2;True;True;Sports;EA;PlayStation 3;T;2006
213;SpongeBob SquarePants: The Yellow Avenger;True;1;True;True;Action;THQ;Sony PSP;T;2006
214;Madden NFL 07;True;4;True;True;Sports;EA;Nintendo Wii;E;2006
215;Fight Night Round 3;True;2;True;True;Action,Simulation,Sports;EA;Sony PSP;T;2006
216;Need for Speed: Carbon;True;2;True;True;Racing / Driving;EA;PlayStation 3;T;2006
217;Need for Speed: Carbon;True;2;True;True;Racing / Driving;EA;Nintendo Wii;M;2006
218;WWE SmackDown vs. Raw 2007;True;4;True;True;Sports;THQ;X360;E;2006
219;Tiger Woods PGA Tour 07;True;1;True;True;Sports;EA;X360;T;2006
220;Viva Pi$?ata;True;4;True;True;Simulation,Strategy;Microsoft;X360;E;2006
221;SpongeBob Squarepants: Creature from the Krusty Krab;True;1;True;True;Action,Adventure;THQ;Nintendo Wii;T;2006
222;Tony Hawk's Project 8;True;2;True;True;Sports;Activision;Sony PSP;M;2006
223;Tony Hawk's Project 8;True;2;True;True;Sports;Activision;X360;E;2006
224;NBA LIVE 07 ;True;1;True;True;Sports;EA;X360;T;2006
225;Excite Truck;True;2;True;True;Racing / Driving;Nintendo;Nintendo Wii;M;2006
226;Harvest Moon DS;True;1;True;True;Role-Playing (RPG),Simulation;;Nintendo DS;T;2006
227;Star Fox Command;True;1;True;True;Action;Nintendo;Nintendo DS;T;2006
228;Metal Gear Solid: Portable Ops;True;1;True;True;Action,Strategy;Konami;Sony PSP;T;2006
229;Marvel Ultimate Alliance;True;4;True;True;Action,Role-Playing (RPG);Activision;Nintendo Wii;M;2006
230;Blazing Angels: Squadrons of WWII;True;2;True;True;Action;Ubisoft;X360;E;2006
231;Major League Baseball 2K6;True;2;True;True;Sports;2K;X360;T;2006
232;NCAA Football 07;True;1;True;True;Sports;EA;Sony PSP;T;2006
233;MLB 06: The Show;True;2;True;True;Sports;Sony;Sony PSP;T;2006
234;Blazing Angels: Squadrons of WWII;True;2;True;True;Action;Ubisoft;PlayStation 3;T;2006
235;WWE SmackDown vs. Raw 2007;True;4;True;True;Sports;THQ;Sony PSP;T;2006
236;Rune Factory: A Fantasy Harvest Moon;True;1;True;True;Role-Playing (RPG),Simulation;;Nintendo DS;T;2006
237;Marvel Ultimate Alliance;True;1;True;True;Action,Role-Playing (RPG);Activision;Sony PSP;E;2006
238;Marvel Ultimate Alliance;True;4;True;True;Action,Role-Playing (RPG);Activision;PlayStation 3;M;2006
239;Tiger Woods PGA Tour 07;True;4;True;True;Sports;EA;PlayStation 3;E;2006
240;Ace Combat X: Skies of Deception;True;1;True;True;Action,Simulation;Namco;Sony PSP;E;2006
241;Killzone: Liberation;True;1;True;True;Action,Strategy;Sony;Sony PSP;M;2006
242;F.E.A.R.: First Encounter Assault Recon;True;1;True;True;Action;;X360;E;2006
243;NBA 2K7;True;7;True;True;Sports;2K;PlayStation 3;E;2006
244;Tony Hawk's Project 8;True;2;True;True;Sports;Activision;PlayStation 3;T;2006
245;Avatar: The Last Airbender;True;1;True;True;Action;THQ;Nintendo DS;E;2006
246;Castlevania: Portrait of Ruin;True;1;True;True;Action;Konami;Nintendo DS;M;2006
247;Hitman: Blood Money;True;1;True;True;Action;Eidos;X360;E;2006
248;Rockstar Games presents Table Tennis;True;2;True;True;Sports;Rockstar;X360;M;2006
249;Trauma Center: Second Opinion;True;1;True;True;Action,Simulation;Nintendo;Nintendo Wii;T;2006
250;Tenchu Z;True;1;True;True;Action;Microsoft;X360;E;2006
251;Elite Beat Agents;True;1;True;True;Action;Nintendo;Nintendo DS;M;2006
252;Street Fighter Alpha 3 MAX;True;1;True;True;Action;Capcom;Sony PSP;M;2006
253;Blue Dragon;True;1;True;True;Role-Playing (RPG);Microsoft;X360;T;2006
254;The Lord of the Rings: The Battle for Middle Ea...;True;1;True;True;Strategy;EA;X360;T;2006
255;Prey;True;1;True;True;Action;2K;X360;T;2006
256;Over the Hedge;True;1;True;True;Adventure;Activision;Nintendo DS;E;2006
257;Capcom Classics Collection Reloaded;True;1;True;True;Action;Capcom;Sony PSP;T;2006
258;Pirates of the Caribbean: Dead Man's Chest;True;1;True;True;Action;;Sony PSP;T;2006
259;NHL 07 ;True;1;True;True;Sports;EA;X360;T;2006
260;Monster Hunter Freedom;True;1;True;True;Action,Strategy;Capcom;Sony PSP;E;2006
261;Chromehounds;True;1;True;True;Action,Simulation,Strategy;Sega;X360;T;2006
262;Test Drive Unlimited;True;1;True;True;Racing / Driving;Atari;X360;T;2006
263;Dragon Ball Z: Budokai Tenkaichi 2;True;2;True;True;Action;Atari;Nintendo Wii;E;2006
264;Dragon Quest Monsters: Joker;True;1;True;True;Role-Playing (RPG);SquareEnix;Nintendo DS;T;2006
265;Pirates of the Caribbean: Dead Man's Chest;True;1;True;True;Action;;Nintendo DS;E;2006
266;NFL Street 3;True;1;True;True;Action,Sports;EA;Sony PSP;T;2006
267;Syphon Filter: Dark Mirror;True;1;True;True;Action;Sony;Sony PSP;M;2006
268;NBA 07;True;4;True;True;Sports;Sony;PlayStation 3;T;2006
269;Ridge Racer 7;True;2;True;True;Racing / Driving;Namco,Sony;PlayStation 3;E;2006
270;The Outfit;True;2;True;True;Action;THQ;X360;E;2006
271;Elebits;True;4;True;True;Action;Konami;Nintendo Wii;T;2006
272;Tony Hawk's Downhill Jam;True;1;True;True;Racing / Driving,Sports;Activision;Nintendo DS;T;2006
273;The Sims 2: Pets;True;1;True;True;Simulation;EA;Sony PSP;T;2006
274;Tiger Woods PGA Tour 07;True;1;True;True;Sports;EA;Sony PSP;E;2006
275;Thrillville;True;1;True;True;Simulation,Strategy;Atari;Sony PSP;E;2006
276;The Godfather: The Game;True;1;True;True;Action;EA;X360;T;2006
277;Rampage: Total Destruction;True;4;True;True;Action;Midway;Nintendo Wii;E;2006
278;College Hoops 2K7;True;4;True;True;Sports;2K;X360;T;2006
279;Far Cry: Instincts - Predator;True;4;True;True;Action;Ubisoft;X360;E;2006
280;Full Auto;True;2;True;True;Action,Racing / Driving;Sega;X360;E;2006
281;Age of Empires: The Age of Kings;True;1;True;True;Strategy;;Nintendo DS;T;2006
282;Need for Speed: Carbon - Own the City;True;1;True;True;Action,Racing / Driving;EA;Nintendo DS;T;2006
283;Brothers in Arms: D-Day;True;1;True;True;Action;Ubisoft;Sony PSP;T;2006
284;Family Guy Video Game!;True;1;True;True;Action;2K;Sony PSP;M;2006
285;Superman Returns;True;1;True;True;Action;EA;X360;E;2006
286;Over G Fighters;True;2;True;True;Simulation;Ubisoft;X360;E;2006
287;Final Fantasy XI Online;True;1;True;True;Action,Role-Playing (RPG);SquareEnix;X360;E;2006
288;Mystery Dungeon: Shiren the Wanderer;True;1;True;True;Action,Role-Playing (RPG);Sega;Nintendo DS;T;2006
289;Phoenix Wright: Ace Attorney - Justice for All;True;1;True;True;Adventure,Simulation;Capcom;Nintendo DS;E;2006
290;Justice League Heroes;True;1;True;True;Action;;Sony PSP;M;2006
291;Valhalla Knights;True;1;True;True;Action,Role-Playing (RPG);;Sony PSP;T;2006
292;Genji: Days of the Blade;True;1;True;True;Action,Role-Playing (RPG);Sony;PlayStation 3;T;2006
293;Top Spin 2;True;4;True;True;Sports;2K;X360;T;2006
294;Field Commander;True;2;True;True;Strategy;Sony,Ubisoft;Sony PSP;T;2006
295;Children of Mana;True;1;True;True;Action,Role-Playing (RPG);Nintendo,SquareEnix;Nintendo DS;E;2006
296;Valkyrie Profile: Lenneth;True;1;True;True;Role-Playing (RPG);SquareEnix;Sony PSP;E;2006
297;Monster House;True;1;True;True;Action;THQ;Nintendo DS;M;2006
298;Enchanted Arms;True;1;True;True;Role-Playing (RPG);Ubisoft;X360;E;2006
299;NHL 07;True;4;True;True;Sports;EA;Sony PSP;M;2006
300;Bust-a-Move Deluxe;True;2;True;True;Strategy;;Sony PSP;M;2006
301;Full Auto 2: Battlelines;True;2;True;True;Action,Racing / Driving;Sega;PlayStation 3;T;2006
302;Blitz: The League;True;2;True;True;Sports;Midway;X360;T;2006
303;Star Trek Legacy;True;2;True;True;Action,Strategy;Ubisoft;X360;E;2006
304;Eragon;True;1;True;True;Action,Role-Playing (RPG);;Nintendo DS;E;2006
305;Master of Illusion;True;1;True;True;Strategy;Nintendo;Nintendo DS;E;2006
306;Mega Man ZX;True;1;True;True;Action;Capcom;Nintendo DS;T;2006
307;Untold Legends: The Warrior's Code;True;1;True;True;Action,Role-Playing (RPG);Sony,Ubisoft;Sony PSP;T;2006
308;Super Swing Golf;True;1;True;True;Sports;;Nintendo Wii;T;2006
309;X-Men: The Official Game;True;1;True;True;Action;Activision;X360;M;2006
310;Untold Legends: Dark Kingdom;True;2;True;True;Action,Role-Playing (RPG);EA,Sony;PlayStation 3;E;2006
311;Happy Feet;True;2;True;True;Action;Midway;Nintendo Wii;E;2006
312;Open Season;True;1;True;True;Action;Ubisoft;Nintendo DS;T;2006
313;Dungeon Siege: Throne of Agony;True;1;True;True;Role-Playing (RPG);2K;Sony PSP;E;2006
314;LocoRoco;True;1;True;True;Action,Strategy;Sony;Sony PSP;T;2006
315;Dead or Alive: Xtreme 2;True;1;True;True;Racing / Driving,Sports;;X360;T;2006
316;Fuzion Frenzy 2;True;4;True;True;Action,Sports;Microsoft;X360;T;2006
317;MotoGP '06;True;4;True;True;Racing / Driving,Simulation,Sports;THQ;X360;M;2006
318;Lumines II;True;2;True;True;Strategy;;Sony PSP;E;2006
319;Major League Baseball 2K6;True;1;True;True;Sports;2K;Sony PSP;M;2006
320;Star Wars: Lethal Alliance;True;1;True;True;Action;Ubisoft;Sony PSP;T;2006
321;Worms: Open Warfare;True;1;True;True;Action,Strategy;THQ;Sony PSP;T;2006
322;Eragon;True;4;True;True;Action;;Sony PSP;E;2006
323;Metal Slug Anthology;True;4;True;True;Action;;Nintendo Wii;T;2006
324;Open Season;True;4;True;True;Action;Ubisoft;X360;E;2006
325;Tom Clancy's Splinter Cell: Double Agent;True;2;True;True;Action;Ubisoft;Nintendo Wii;T;2006
326;Avatar: The Last Airbender;True;1;True;True;Action;THQ;Sony PSP;E;2006
327;Lemmings;True;1;True;True;Strategy;Sony;Sony PSP;E;2006
328;Mega Man Powered Up;True;1;True;True;Action;Capcom;Sony PSP;E;2006
329;College Hoops 2K6;True;1;True;True;Sports;2K;X360;E;2006
330;Dynasty Warriors 5: Empires;True;2;True;True;Action,Role-Playing (RPG),Strategy;;X360;T;2006
331;Magical Starsign;True;1;True;True;Role-Playing (RPG);Nintendo;Nintendo DS;E;2006
332;Resident Evil: Deadly Silence;True;1;True;True;Action;Capcom;Nintendo DS;E;2006
333;X-Men: The Official Game;True;1;True;True;Action;Activision;Nintendo DS;E;2006
334;Cabela's African Safari;True;1;True;True;Sports;Activision;X360;E;2006
335;Cabela's Alaskan Adventures;True;1;True;True;Sports;Activision;X360;E;2006
336;Armored Core 4;True;2;True;True;Action;Sega;PlayStation 3;E;2006
337;Eragon;True;2;True;True;Action;;X360;T;2006
338;LostMagic;True;1;True;True;Action,Role-Playing (RPG);Ubisoft;Nintendo DS;T;2006
339;Magnetica;True;1;True;True;Action,Strategy;Nintendo;Nintendo DS;T;2006
340;Def Jam Fight for NY: The Takeover;True;1;True;True;Action;EA;Sony PSP;T;2006
341;NASCAR 07;True;1;True;True;Racing / Driving,Simulation;EA;Sony PSP;T;2006
342;The Ant Bully;True;1;True;True;Action;Midway;Nintendo Wii;T;2006
343;Just Cause;True;1;True;True;Action,Racing / Driving;Eidos;X360;E;2006
344;Onechanbara: Bikini Samurai Squad;True;1;True;True;Action;;X360;E;2006
345;Phantasy Star Universe;True;1;True;True;Role-Playing (RPG);Sega;X360;E;2006
346;Project Sylpheed: Arc of Deception;True;1;True;True;Action;Microsoft,SquareEnix;X360;T;2006
347;Winning Eleven: Pro Evolution Soccer 2007;True;6;True;True;Sports;Konami;X360;E;2006
348;Kororinpa: Marble Mania;True;2;True;True;Action,Strategy;Nintendo;Nintendo Wii;T;2006
349;Digimon World DS;True;1;True;True;Role-Playing (RPG);Namco;Nintendo DS;E;2006
350;Justice League Heroes;True;1;True;True;Action;;Nintendo DS;E;2006
351;Innocent Life: A Futuristic Harvest Moon;True;1;True;True;Role-Playing (RPG),Simulation,Strategy;;Sony PSP;E;2006
352;Power Stone Collection;True;1;True;True;Action;Capcom;Sony PSP;M;2006
353;EA Replay;True;4;True;True;Action,Role-Playing (RPG),Simulation,Sports,Strategy;EA;Sony PSP;E;2006
354;Open Season;True;4;True;True;Action;Ubisoft;Nintendo Wii;M;2006
355;Samurai Warriors 2;True;4;True;True;Action;;X360;M;2006
356;Far Cry: Vengeance;True;2;True;True;Action;Ubisoft;Nintendo Wii;E;2006
357;Import Tuner Challenge;True;2;True;True;Racing / Driving;Ubisoft;X360;E;2006
358;Contact;True;1;True;True;Adventure,Role-Playing (RPG);;Nintendo DS;E;2006
359;Touch Detective;True;1;True;True;Adventure;;Nintendo DS;T;2006
360;FIFA Street 2;True;1;True;True;Sports;EA;Sony PSP;T;2006
361;007: From Russia with Love;True;1;True;True;Action,Racing / Driving;EA;Sony PSP;T;2006
362;PaRappa the Rapper;True;1;True;True;Action;Sony;Sony PSP;T;2006
363;Riviera: The Promised Land;True;1;True;True;Role-Playing (RPG);;Sony PSP;M;2006
364;Samurai Warriors: State of War;True;1;True;True;Action;;Sony PSP;E;2006
365;Viewtiful Joe: Red Hot Rumble;True;1;True;True;Action;Capcom;Sony PSP;E;2006
366;Ice Age 2: The Meltdown;True;1;True;True;Action;;Nintendo Wii;E;2006
367;Rumble Roses XX;True;4;True;True;Action,Sports;Konami;X360;E;2006
368;Bionicle Heroes;True;1;True;True;Action;Eidos;Nintendo DS;T;2006
369;Deep Labyrinth;True;1;True;True;Role-Playing (RPG);;Nintendo DS;T;2006
370;Blade Dancer: Lineage of Light;True;1;True;True;Role-Playing (RPG);;Sony PSP;E;2006
371;Every Extend Extra;True;1;True;True;Action;;Sony PSP;E;2006
372;Ultimate Ghosts 'N' Goblins;True;1;True;True;Action;Capcom;Sony PSP;E;2006
373;Xiaolin Showdown;True;1;True;True;Action;Konami;Sony PSP;M;2006
374;Bionicle Heroes;True;1;True;True;Action;Eidos;X360;T;2006
375;Bullet Witch;True;1;True;True;Action;Atari;X360;M;2006
376;Death Jr. II: Root of Evil;True;2;True;True;Action;Konami;Sony PSP;E;2006
377;Alex Rider: Stormbreaker;True;1;True;True;Action,Adventure;THQ;Nintendo DS;M;2006
378;Cartoon Network Racing;True;1;True;True;Racing / Driving;;Nintendo DS;E;2006
379;Guilty Gear: Dust Strikers;True;1;True;True;Action;;Nintendo DS;E;2006
380;Gunpey DS;True;1;True;True;Strategy;Namco;Nintendo DS;E;2006
381;Lara Croft Tomb Raider: Legend;True;1;True;True;Action,Racing / Driving;Eidos;Nintendo DS;E;2006
382;Worms: Open Warfare;True;1;True;True;Action,Strategy;THQ;Nintendo DS;E;2006
383;Mercury Meltdown;True;1;True;True;Strategy;;Sony PSP;M;2006
384;MTX Mototrax;True;1;True;True;Racing / Driving,Sports;Activision;Sony PSP;M;2006
385;Snoopy vs. the Red Baron;True;1;True;True;Action;Namco;Sony PSP;E;2006
386;Super Monkey Ball Adventure;True;1;True;True;Action,Racing / Driving;Sega;Sony PSP;E;2006
387;Ys VI: The Ark of Napishtim;True;1;True;True;Action,Role-Playing (RPG);Konami;Sony PSP;E;2006
388;Bomberman Land Touch!;True;1;True;True;Action;;Nintendo DS;E;2006
389;Point Blank DS;True;1;True;True;Action;Atari,Namco;Nintendo DS;M;2006
390;Scurge: Hive;True;1;True;True;Action;;Nintendo DS;M;2006
391;Star Trek: Tactical Assault;True;1;True;True;Action,Strategy;Ubisoft;Nintendo DS;T;2006
392;Tao's Adventure: Curse of the Demon Seal;True;1;True;True;Role-Playing (RPG);Konami;Nintendo DS;E;2006
393;Ford Bold Moves Street Racing;True;1;True;True;Racing / Driving;Eidos;Sony PSP;T;2006
394;Gitaroo Man Lives!;True;1;True;True;Simulation;;Sony PSP;E;2006
395;Gradius Collection;True;1;True;True;Action;Konami;Sony PSP;T;2006
396;The Legend of Heroes II: Prophecy of the Moonli...;True;1;True;True;Role-Playing (RPG);Namco;Sony PSP;E;2006
397;Pac-Man World Rally;True;1;True;True;Action,Racing / Driving;Namco;Sony PSP;T;2006
398;Bomberman: Act Zero;True;1;True;True;Action;Konami;X360;E;2006
399;Earth Defense Force 2017;True;2;True;True;Action;;X360;T;2006
400;WarTech: Senko no Ronde;True;2;True;True;Action;Ubisoft;X360;T;2006
401;MechAssault: Phantom War;True;1;True;True;Action;;Nintendo DS;E;2006
402;Astonishia Story;True;1;True;True;Role-Playing (RPG),Strategy;Ubisoft;Sony PSP;T;2006
403;B-Boy;True;1;True;True;Action;Sony;Sony PSP;E;2006
404;BattleZone;True;1;True;True;Action;Atari;Sony PSP;E;2006
405;Bounty Hounds;True;1;True;True;Action,Strategy;Namco;Sony PSP;T;2006
406;Bubble Bobble Evolution;True;1;True;True;Action;;Sony PSP;E;2006
407;MotoGP;True;1;True;True;Racing / Driving,Sports;Sony;Sony PSP;E;2006
408;OutRun 2006: Coast 2 Coast;True;1;True;True;Racing / Driving;Sega;Sony PSP;E;2006
409;Warhammer: Battle for Atluma;True;1;True;True;Strategy;Namco;Sony PSP;M;2006
410;SBK: Snowboard Kids;True;1;True;True;Action,Sports;;Nintendo DS;E;2006
411;Tenchu: Dark Secret;True;1;True;True;Action;Nintendo;Nintendo DS;E;2006
412;Dungeon Maker: Hunting Ground;True;1;True;True;Action,Role-Playing (RPG);;Sony PSP;E;2006
413;Metal Gear Solid: Digital Graphic Novel;True;1;True;True;Adventure;Konami;Sony PSP;T;2006
414;Star Trek: Tactical Assault;True;1;True;True;Action,Strategy;Ubisoft;Sony PSP;E;2006
415;Micro Machines V4;True;2;True;True;Action,Racing / Driving;;Sony PSP;E;2006
416;Platypus;True;2;True;True;Action;;Sony PSP;T;2006
417;Custom Robo Arena;True;1;True;True;Action,Role-Playing (RPG);Nintendo;Nintendo DS;T;2006
418;Gurumin: A Monstrous Adventure;True;1;True;True;Action;;Sony PSP;T;2006
419;Spider-Man 3;True;1;True;True;Action;Ubisoft;Sony PSP;M;2006
420;Wii Fit;True;1;True;True;Educational,Sports;Nintendo;Nintendo Wii;T;2007
421;Halo 3;True;4;True;True;Action;Microsoft;X360;E;2007
422;Call of Duty 4: Modern Warfare;True;4;True;True;Action;Activision;X360;E;2007
423;Super Mario Galaxy;True;2;True;True;Action;Nintendo;Nintendo Wii;E;2007
424;Mario Party DS;True;1;True;True;Action,Strategy;Nintendo;Nintendo DS;T;2007
425;Mario Party 8;True;4;True;True;Action,Strategy;Nintendo;Nintendo Wii;T;2007
426;Guitar Hero III: Legends of Rock;True;2;True;True;Action,Simulation;Activision;X360;T;2007
427;Link's Crossbow Training;True;1;True;True;Action;Nintendo;Nintendo Wii;E;2007
428;Guitar Hero III: Legends of Rock;True;2;True;True;Action,Simulation;Activision;Nintendo Wii;T;2007
429;Assassin's Creed;True;1;True;True;Action;Ubisoft;X360;T;2007
430;LEGO Star Wars: The Complete Saga;True;2;True;True;Action;;Nintendo Wii;M;2007
431;Call of Duty 4: Modern Warfare;True;4;True;True;Action;Activision;PlayStation 3;E;2007
432;Mario & Sonic at the Olympic Games;True;4;True;True;Action,Sports;Nintendo,Sega;Nintendo Wii;E;2007
433;LEGO Star Wars: The Complete Saga;True;1;True;True;Action,Racing / Driving;;Nintendo DS;E;2007
434;Forza Motorsport 2;True;2;True;True;Racing / Driving;Microsoft;X360;T;2007
435;Madden NFL 08;True;4;True;True;Sports;EA;X360;E;2007
436;Guitar Hero II;True;2;True;True;Action,Simulation;Activision;X360;T;2007
437;Rock Band;True;4;True;True;Action,Simulation;;X360;E;2007
438;The Legend of Zelda: Phantom Hourglass;True;1;True;True;Action;Nintendo;Nintendo DS;E;2007
439;Pokmon Mystery Dungeon: Explorers of Darkness;True;1;True;True;Role-Playing (RPG);Nintendo;Nintendo DS;E;2007
440;Pokmon Mystery Dungeon: Explorers of Time;True;1;True;True;Role-Playing (RPG);Nintendo;Nintendo DS;T;2007
441;Assassin's Creed;True;1;True;True;Action;Ubisoft;PlayStation 3;T;2007
442;Uncharted: Drake's Fortune;True;1;True;True;Action;Sony;PlayStation 3;T;2007
443;Mass Effect;True;1;True;True;Action,Role-Playing (RPG);Microsoft;X360;T;2007
444;Cooking Mama 2: Dinner with Friends;True;1;True;True;Simulation;;Nintendo DS;E;2007
445;BioShock;True;1;True;True;Action;2K;X360;T;2007
446;Super Paper Mario;True;1;True;True;Action,Role-Playing (RPG);Nintendo;Nintendo Wii;E;2007
447;Game Party;True;4;True;True;Action;Midway;Nintendo Wii;T;2007
448;Ratchet & Clank: Size Matters;True;1;True;True;Action;Sony;Sony PSP;E;2007
449;Dance Dance Revolution Hottest Party;True;4;True;True;Action;Konami;Nintendo Wii;T;2007
450;Cooking Mama: Cook Off;True;2;True;True;Simulation;;Nintendo Wii;M;2007
451;Gran Turismo 5: Prologue;True;2;True;True;Racing / Driving,Simulation;Sony;PlayStation 3;E;2007
452;Professor Layton and the Curious Village;True;1;True;True;Adventure,Educational,Strategy;Nintendo;Nintendo DS;E;2007
453;Resident Evil 4;True;1;True;True;Action;Capcom;Nintendo Wii;T;2007
454;The Elder Scrolls IV: Oblivion;True;1;True;True;Action,Role-Playing (RPG);Ubisoft;PlayStation 3;T;2007
455;Transformers: Autobots;True;1;True;True;Action,Racing / Driving;Activision;Nintendo DS;E;2007
456;Transformers: Decepticons;True;1;True;True;Action,Racing / Driving;Activision;Nintendo DS;M;2007
457;Diddy Kong Racing DS;True;1;True;True;Racing / Driving,Sports;Nintendo;Nintendo DS;T;2007
458;Big Brain Academy: Wii Degree;True;8;True;True;Action;Nintendo;Nintendo Wii;M;2007
459;Need for Speed: ProStreet;True;2;True;True;Racing / Driving;EA;X360;T;2007
460;Deal or No Deal;True;1;True;True;Strategy;;Nintendo DS;E;2007
461;LEGO Star Wars: The Complete Saga;True;2;True;True;Action;;X360;T;2007
462;Sonic and the Secret Rings;True;4;True;True;Action;Sega;Nintendo Wii;E;2007
463;The Orange Box;True;1;True;True;Action;;X360;E;2007
464;Crackdown;True;1;True;True;Action,Racing / Driving,Role-Playing (RPG);Microsoft;X360;M;2007
465;Rock Band;True;4;True;True;Action,Simulation;;PlayStation 3;M;2007
466;Tiger Woods PGA Tour 08;True;4;True;True;Sports;EA;Nintendo Wii;T;2007
467;WWE Smackdown vs. Raw 2008;True;4;True;True;Sports;THQ;X360;T;2007
468;Madden NFL 08;True;4;True;True;Sports;EA;PlayStation 3;T;2007
469;Call of Duty 4: Modern Warfare;True;1;True;True;Action;Activision;Nintendo DS;T;2007
470;MySims;True;1;True;True;Simulation,Strategy;EA;Nintendo Wii;T;2007
471;Mario Strikers Charged;True;4;True;True;Action,Sports;Nintendo;Nintendo Wii;E;2007
472;Star Wars Battlefront: Renegade Squadron;True;1;True;True;Action;;Sony PSP;T;2007
473;Flash Focus: Vision Training in Minutes a Day;True;1;True;True;Action;Nintendo;Nintendo DS;T;2007
474;Metroid Prime 3: Corruption;True;1;True;True;Action;Nintendo;Nintendo Wii;T;2007
475;Tom Clancy's Ghost Recon: Advanced Warfighter 2...;True;1;True;True;Action;Ubisoft;X360;T;2007
476;Madden NFL 08;True;4;True;True;Sports;EA;Nintendo Wii;M;2007
477;Ratchet & Clank Future: Tools of Destruction;True;1;True;True;Action;Sony;PlayStation 3;E;2007
478;LEGO Star Wars: The Complete Saga;True;2;True;True;Action;;PlayStation 3;M;2007
479;Rayman Raving Rabbids 2;True;4;True;True;Action;Ubisoft;Nintendo Wii;T;2007
480;NBA 2K8 ;True;1;True;True;Sports;2K;X360;M;2007
481;Namco Museum DS;True;1;True;True;Action;Namco;Nintendo DS;E;2007
482;Need for Speed: ProStreet;True;2;True;True;Racing / Driving;EA;PlayStation 3;T;2007
483;Blazing Angels: Squadrons of WWII;True;2;True;True;Action;Ubisoft;Nintendo Wii;E;2007
484;Drawn to Life;True;1;True;True;Action;THQ;Nintendo DS;T;2007
485;EA Playground;True;4;True;True;Action,Racing / Driving,Sports;EA;Nintendo Wii;T;2007
486;Major League Baseball 2K7;True;2;True;True;Sports;2K;X360;E;2007
487;Resident Evil: The Umbrella Chronicles;True;2;True;True;Action;Capcom,Nintendo;Nintendo Wii;T;2007
488;NCAA Football 08;True;2;True;True;Sports;EA;X360;E;2007
489;Spectrobes;True;1;True;True;Action,Strategy;;Nintendo DS;E;2007
490;The Sims 2: Castaway;True;1;True;True;Simulation;EA;Nintendo DS;M;2007
491;WWE Smackdown vs. Raw 2008;True;6;True;True;Sports;THQ;PlayStation 3;E;2007
492;Madden NFL 08;True;1;True;True;Sports;EA;Sony PSP;E;2007
493;NBA Live 08;True;4;True;True;Sports;EA;PlayStation 3;M;2007
494;The Simpsons Game;True;1;True;True;Action;EA;Nintendo DS;M;2007
495;Ace Combat 6: Fires of Liberation;True;1;True;True;Action,Simulation;Namco;X360;E;2007
496;Heavenly Sword;True;1;True;True;Action;Sony;PlayStation 3;E;2007
497;Ninja Gaiden Sigma;True;1;True;True;Action;;PlayStation 3;E;2007
498;Ben 10: Protector of the Earth;True;1;True;True;Action;;Nintendo Wii;T;2007
499;The Simpsons Game;True;2;True;True;Action;EA;X360;T;2007
500;CrossworDS;True;1;True;True;Educational,Strategy;;Nintendo DS;T;2007
501;Sonic Rush Adventure;True;1;True;True;Action,Sports;Sega;Nintendo DS;T;2007
502;Tiger Woods PGA Tour 08;True;4;True;True;Sports;EA;X360;T;2007
503;Tony Hawk's Proving Ground;True;2;True;True;Sports;Activision;X360;T;2007
504;Call of Duty: Roads to Victory;True;1;True;True;Action;Activision;Sony PSP;E;2007
505;Transformers: The Game;True;1;True;True;Action;Activision;X360;M;2007
506;NBA 2K8;True;7;True;True;Sports;2K;PlayStation 3;M;2007
507;Medal of Honor: Heroes 2;True;1;True;True;Action;EA;Sony PSP;E;2007
508;Spider-Man 3;True;1;True;True;Action;Activision;X360;E;2007
509;Tom Clancy's Rainbow Six: Vegas;True;2;True;True;Action;Ubisoft;PlayStation 3;E;2007
510;Need for Speed: ProStreet;True;2;True;True;Racing / Driving;EA;Nintendo Wii;M;2007
511;NBA LIVE 08 ;True;1;True;True;Sports;EA;X360;T;2007
512;Dance Dance Revolution Universe 2;True;4;True;True;Action;Konami;X360;T;2007
513;MX vs. ATV Untamed;True;2;True;True;Racing / Driving;THQ;X360;T;2007
514;Final Fantasy IV;True;1;True;True;Role-Playing (RPG);SquareEnix;Nintendo DS;T;2007
515;NBA Street Homecourt;True;4;True;True;Sports;EA;X360;T;2007
516;The Simpsons Game;True;2;True;True;Action;EA;Nintendo Wii;T;2007
517;Winter Sports: The Ultimate Challenge;True;1;True;True;Racing / Driving,Sports;;Nintendo Wii;E;2007
518;WWE Smackdown vs. Raw 2008;True;4;True;True;Sports;THQ;Sony PSP;E;2007
519;Tiger Woods PGA Tour 07;True;4;True;True;Sports;EA;Nintendo Wii;T;2007
520;Crash of the Titans;True;1;True;True;Action;;Nintendo DS;T;2007
521;Sonic Rivals 2;True;1;True;True;Action;Sega;Sony PSP;M;2007
522;Boogie;True;2;True;True;Action;EA;Nintendo Wii;T;2007
523;Medal of Honor: Airborne;True;2;True;True;Action;EA;X360;E;2007
524;The Sims 2: Castaway;True;1;True;True;Simulation;EA;Nintendo Wii;T;2007
525;Spider-Man 3;True;1;True;True;Action;Activision;Nintendo Wii;T;2007
526;Lost Odyssey;True;1;True;True;Role-Playing (RPG);Microsoft;X360;T;2007
527;Bee Movie Game;True;1;True;True;Adventure;Activision;Nintendo DS;E;2007
528;Spider-Man 3;True;1;True;True;Action;Activision;Nintendo DS;M;2007
529;Final Fantasy Tactics;True;1;True;True;Role-Playing (RPG),Strategy;SquareEnix;Sony PSP;M;2007
530;Endless Ocean;True;1;True;True;Simulation;Nintendo;Nintendo Wii;E;2007
531;SingStar;True;6;True;True;Simulation;Sony;PlayStation 3;E;2007
532;Ratatouille;True;1;True;True;Action;THQ;Nintendo Wii;T;2007
533;The Sims 2: Pets;True;1;True;True;Simulation;EA;Nintendo Wii;T;2007
534;Two Worlds;True;1;True;True;Action,Role-Playing (RPG);;X360;M;2007
535;Crash of the Titans;True;2;True;True;Action;;Nintendo Wii;E;2007
536;Sonic the Hedgehog;True;2;True;True;Action;Sega;X360;T;2007
537;Mega Man Star Force: Dragon;True;1;True;True;Action,Role-Playing (RPG);Capcom;Nintendo DS;T;2007
538;Sonic the Hedgehog;True;2;True;True;Action;Sega;PlayStation 3;M;2007
539;Harry Potter and the Order of the Phoenix;True;1;True;True;Action;EA;Nintendo Wii;T;2007
540;Nicktoons: Attack of the Toybots;True;1;True;True;Action;THQ;Nintendo Wii;T;2007
541;WWE Smackdown vs. Raw 2008;True;4;True;True;Sports;THQ;Nintendo Wii;M;2007
542;The Simpsons Game;True;2;True;True;Action;EA;PlayStation 3;E;2007
543;DiRT;True;1;True;True;Racing / Driving,Simulation,Sports;;X360;E;2007
544;Kane & Lynch: Dead Men;True;2;True;True;Action;Eidos;X360;E;2007
545;Jam Sessions;True;1;True;True;Educational,Simulation;Ubisoft;Nintendo DS;T;2007
546;Monster Hunter Freedom 2;True;1;True;True;Action,Strategy;Capcom;Sony PSP;T;2007
547;Shadowrun;True;1;True;True;Action;Microsoft;X360;E;2007
548;Thrillville: Off the Rails;True;4;True;True;Simulation,Strategy;;Nintendo Wii;E;2007
549;Tony Hawk's Proving Ground;True;2;True;True;Sports;Activision;PlayStation 3;E;2007
550;My Word Coach;True;1;True;True;Educational;Ubisoft;Nintendo DS;T;2007
551;The World Ends With You;True;1;True;True;Action,Adventure,Role-Playing (RPG);SquareEnix;Nintendo DS;M;2007
552;The BIGS;True;4;True;True;Action,Simulation,Sports;2K;Nintendo Wii;M;2007
553;NCAA Football 08;True;2;True;True;Sports;EA;PlayStation 3;T;2007
554;Final Fantasy Tactics A2: Grimoire of the Rift;True;1;True;True;Role-Playing (RPG),Strategy;SquareEnix;Nintendo DS;E;2007
555;Beowulf: The Game;True;1;True;True;Action;Ubisoft;X360;E;2007
556;The Darkness;True;1;True;True;Action;2K;X360;M;2007
557;Tom Clancy's Ghost Recon: Advanced Warfighter 2...;True;4;True;True;Action;Ubisoft;PlayStation 3;T;2007
558;Final Fantasy;True;1;True;True;Role-Playing (RPG);SquareEnix;Sony PSP;T;2007
559;Lair;True;1;True;True;Action;Sony;PlayStation 3;E;2007
560;Transformers: The Game;True;1;True;True;Action;Activision;Nintendo Wii;T;2007
561;Command & Conquer 3: Tiberium Wars;True;1;True;True;Strategy;EA;X360;T;2007
562;Overlord;True;1;True;True;Action,Strategy;;X360;M;2007
563;Diner Dash;True;1;True;True;Action;;Nintendo DS;T;2007
564;Medal of Honor: Heroes 2;True;1;True;True;Action;EA;Nintendo Wii;E;2007
565;MX vs. ATV Untamed;True;2;True;True;Racing / Driving;THQ;PlayStation 3;T;2007
566;Time Crisis 4;True;2;True;True;Action;Namco;PlayStation 3;M;2007
567;Dragon Ball Z: Budokai Tenkaichi 3;True;2;True;True;Action;Atari;Nintendo Wii;E;2007
568;Final Fantasy XII: Revenant Wings;True;1;True;True;Role-Playing (RPG),Strategy;SquareEnix;Nintendo DS;T;2007
569;SOCOM: U.S. Navy SEALs - Tactical Strike;True;1;True;True;Action,Strategy;Sony;Sony PSP;M;2007
570;Unreal Tournament III;True;1;True;True;Action;Midway;PlayStation 3;M;2007
571;Bee Movie Game;True;2;True;True;Action;Activision;Nintendo Wii;E;2007
572;Def Jam: Icon;True;2;True;True;Action;EA;X360;M;2007
573;Transformers: The Game;True;1;True;True;Action;Activision;PlayStation 3;E;2007
574;TimeShift;True;1;True;True;Action;;X360;M;2007
575;SSX Blur;True;4;True;True;Sports;EA;Nintendo Wii;E;2007
576;Bleach: The Blade of Fate;True;1;True;True;Action;Sega;Nintendo DS;E;2007
577;EA Playground;True;1;True;True;Racing / Driving,Sports;EA;Nintendo DS;E;2007
578;Final Fantasy II;True;1;True;True;Role-Playing (RPG);SquareEnix;Sony PSP;E;2007
579;The Eye of Judgment;True;2;True;True;Strategy;Sony;PlayStation 3;E;2007
580;MLB 07: The Show;True;2;True;True;Sports;Sony;PlayStation 3;T;2007
581;Virtua Fighter 5;True;2;True;True;Action;Sega;PlayStation 3;M;2007
582;NiGHTS: Journey of Dreams;True;2;True;True;Action;Sega;Nintendo Wii;M;2007
583;Puzzle Quest: Challenge of the Warlords;True;1;True;True;Role-Playing (RPG),Strategy;;Nintendo DS;E;2007
584;NBA Live 08;True;1;True;True;Sports;EA;Sony PSP;E;2007
585;Kane & Lynch: Dead Men;True;2;True;True;Action;Eidos;PlayStation 3;E;2007
586;Crash of the Titans;True;2;True;True;Action;;X360;E;2007
587;Harry Potter and the Order of the Phoenix;True;1;True;True;Action;EA;Nintendo DS;E;2007
588;SimCity DS;True;1;True;True;Simulation;EA;Nintendo DS;T;2007
589;Wario: Master of Disguise;True;1;True;True;Action;Nintendo;Nintendo DS;E;2007
590;No More Heroes;True;1;True;True;Action,Racing / Driving;Ubisoft;Nintendo Wii;M;2007
591;BlackSite: Area 51;True;1;True;True;Action;Midway;X360;E;2007
592;Shrek the Third;True;2;True;True;Action;Activision;X360;E;2007
593;Shrek the Third;True;1;True;True;Adventure;Activision;Nintendo DS;T;2007
594;Surf's Up;True;1;True;True;Racing / Driving,Sports;Ubisoft;Nintendo DS;T;2007
595;MLB 07: The Show;True;1;True;True;Sports;Sony;Sony PSP;E;2007
596;TMNT;True;1;True;True;Action;Ubisoft;X360;E;2007
597;Spider-Man: Friend or Foe;True;2;True;True;Action;Activision;X360;E;2007
598;Contra 4;True;1;True;True;Action;Konami;Nintendo DS;T;2007
599;Phoenix Wright: Ace Attorney - Trials and Tribu...;True;1;True;True;Adventure,Simulation;Capcom;Nintendo DS;T;2007
600;Disney Pirates of the Caribbean: At World's End;True;1;True;True;Action;Disney;Nintendo DS;T;2007
601;Dragon Ball Z: Shin Budokai - Another Road;True;1;True;True;Action;Atari,Namco;Sony PSP;E;2007
602;Spider-Man 3;True;1;True;True;Action;Activision;PlayStation 3;E;2007
603;The Golden Compass;True;1;True;True;Action;Sega;X360;M;2007
604;Stuntman: Ignition;True;4;True;True;Action,Racing / Driving;THQ;X360;T;2007
605;Chicken Shoot;True;2;True;True;Action;;Nintendo Wii;E;2007
606;Shrek the Third;True;2;True;True;Action;Activision;Nintendo Wii;E;2007
607;DK: Jungle Climber;True;1;True;True;Action,Strategy;Nintendo;Nintendo DS;T;2007
608;Dragon Quest IV: Chapters of the Chosen;True;1;True;True;Role-Playing (RPG);SquareEnix;Nintendo DS;T;2007
609;300: March to Glory;True;1;True;True;Action;Eidos;Sony PSP;E;2007
610;Fire Emblem: Radiant Dawn;True;1;True;True;Role-Playing (RPG),Strategy;Nintendo;Nintendo Wii;T;2007
611;The Golden Compass;True;1;True;True;Action;Sega;Nintendo Wii;E;2007
612;Manhunt 2;True;1;True;True;Action;Rockstar;Nintendo Wii;E;2007
613;NASCAR 08;True;1;True;True;Racing / Driving,Sports;EA;X360;E;2007
614;Virtua Tennis 3;True;4;True;True;Sports;Sega;PlayStation 3;E;2007
615;All-Pro Football 2K8;True;4;True;True;Sports;2K;X360;T;2007
616;Major League Baseball 2K7;True;2;True;True;Sports;2K;PlayStation 3;M;2007
617;The Warriors;True;1;True;True;Action;Rockstar;Sony PSP;T;2007
618;Ghost Rider;True;4;True;True;Action;2K;Sony PSP;T;2007
619;Tony Hawk's Proving Ground;True;2;True;True;Sports;Activision;Nintendo Wii;E;2007
620;Juiced 2: Hot Import Nights;True;2;True;True;Racing / Driving;THQ;X360;E;2007
621;Juiced 2: Hot Import Nights;True;1;True;True;Racing / Driving;THQ;Nintendo DS;T;2007
622;The Simpsons Game;True;1;True;True;Action;EA;Sony PSP;M;2007
623;Syphon Filter: Logan's Shadow;True;1;True;True;Action,Strategy;Sony;Sony PSP;T;2007
624;Tiger Woods PGA Tour 08;True;4;True;True;Sports;EA;PlayStation 3;T;2007
625;Ratatouille;True;4;True;True;Action;THQ;X360;T;2007
626;Trauma Center: New Blood;True;2;True;True;Action,Simulation;Nintendo;Nintendo Wii;E;2007
627;Hotel Dusk: Room 215;True;1;True;True;Adventure;Nintendo;Nintendo DS;E;2007
628;Mega Man ZX Advent;True;1;True;True;Action;Capcom;Nintendo DS;T;2007
629;Silent Hill: 0rigins;True;1;True;True;Action;Konami;Sony PSP;E;2007
630;Harry Potter and the Order of the Phoenix;True;1;True;True;Action;EA;X360;M;2007
631;NHL 08 ;True;1;True;True;Sports;EA;X360;E;2007
632;Castlevania: The Dracula X Chronicles;True;2;True;True;Action;Konami;Sony PSP;E;2007
633;Tony Hawk's Proving Ground;True;1;True;True;Sports;Activision;Nintendo DS;M;2007
634;Jeanne d'Arc;True;1;True;True;Role-Playing (RPG),Strategy;Sony;Sony PSP;T;2007
635;BWii: Battalion Wars 2;True;1;True;True;Action,Simulation,Strategy;Nintendo;Nintendo Wii;T;2007
636;Battlestations: Midway;True;1;True;True;Action,Strategy;Eidos;X360;T;2007
637;Dragon Ball Z: Harukanaru Densetsu;True;1;True;True;Strategy;Atari;Nintendo DS;T;2007
638;Touch the Dead;True;1;True;True;Action;;Nintendo DS;T;2007
639;The Darkness;True;1;True;True;Action;2K;PlayStation 3;E;2007
640;Donkey Kong Barrel Blast;True;4;True;True;Racing / Driving;Nintendo;Nintendo Wii;T;2007
641;The BIGS;True;4;True;True;Action,Simulation,Sports;2K;X360;M;2007
642;Armored Core 4;True;2;True;True;Action;Sega;X360;E;2007
643;Etrian Odyssey;True;1;True;True;Role-Playing (RPG);Nintendo;Nintendo DS;E;2007
644;Ben 10: Protector of the Earth;True;1;True;True;Action;;Sony PSP;T;2007
645;Tom Clancy's Splinter Cell: Double Agent;True;1;True;True;Action,Strategy;Ubisoft;PlayStation 3;M;2007
646;Looney Tunes: Acme Arsenal;True;1;True;True;Action;;Nintendo Wii;T;2007
647;Zack & Wiki: Quest for Barbaros' Treasure;True;1;True;True;Adventure;Capcom;Nintendo Wii;E;2007
648;Monster Jam;True;4;True;True;Sports;Activision;X360;M;2007
649;Virtua Fighter 5;True;2;True;True;Action;Sega;X360;E;2007
650;Lunar Knights;True;1;True;True;Action;Konami;Nintendo DS;T;2007
651;Enchanted Arms;True;1;True;True;Role-Playing (RPG);Ubisoft;PlayStation 3;E;2007
652;F.E.A.R.: First Encounter Assault Recon;True;1;True;True;Action;;PlayStation 3;T;2007
653;Folklore;True;1;True;True;Action,Role-Playing (RPG);Sony;PlayStation 3;E;2007
654;Juiced 2: Hot Import Nights;True;1;True;True;Racing / Driving;THQ;PlayStation 3;T;2007
655;The Elder Scrolls IV: Shivering Isles;True;1;True;True;Action,Role-Playing (RPG);;X360;E;2007
656;NHL 08;True;7;True;True;Sports;EA;PlayStation 3;T;2007
657;NCAA 07 March Madness;True;4;True;True;Sports;EA;X360;E;2007
658;Rayman Raving Rabbids;True;4;True;True;Action;Ubisoft;X360;M;2007
659;Viva Pi$?ata: Party Animals;True;4;True;True;Racing / Driving;Microsoft;X360;T;2007
660;Warriors Orochi;True;2;True;True;Action,Role-Playing (RPG);;X360;E;2007
661;Luminous Arc;True;1;True;True;Role-Playing (RPG),Strategy;;Nintendo DS;T;2007
662;Picross DS;True;1;True;True;Strategy;Nintendo;Nintendo DS;E;2007
663;Harry Potter and the Order of the Phoenix;True;1;True;True;Action;EA;PlayStation 3;E;2007
664;College Hoops 2K7;True;6;True;True;Sports;2K;PlayStation 3;E;2007
665;The BIGS;True;4;True;True;Action,Simulation,Sports;2K;PlayStation 3;T;2007
666;Stuntman: Ignition;True;4;True;True;Action,Racing / Driving;THQ;PlayStation 3;E;2007
667;Mortal Kombat: Armageddon;True;4;True;True;Action,Racing / Driving;Midway;Nintendo Wii;E;2007
668;Def Jam: Icon;True;2;True;True;Action;EA;PlayStation 3;E;2007
669;Soulcalibur Legends;True;2;True;True;Action;Namco;Nintendo Wii;E;2007
670;Surf's Up;True;2;True;True;Sports;Ubisoft;Nintendo Wii;T;2007
671;Planet Puzzle League;True;1;True;True;Strategy;Nintendo;Nintendo DS;E;2007
672;DiRT;True;1;True;True;Racing / Driving,Simulation,Sports;;PlayStation 3;E;2007
673;TMNT;True;1;True;True;Action;Ubisoft;Nintendo Wii;E;2007
674;Soldier of Fortune: Payback;True;1;True;True;Action;Activision;X360;M;2007
675;Dynasty Warriors: Gundam;True;2;True;True;Action;Namco;PlayStation 3;E;2007
676;Disney Pirates of the Caribbean: At World's End;True;2;True;True;Action;Disney;PlayStation 3;M;2007
677;Bee Movie Game;True;2;True;True;Action;Activision;X360;T;2007
678;Dynasty Warriors: Gundam;True;2;True;True;Action;Namco;X360;M;2007
679;Golden Axe;True;2;True;True;Action;Sega;X360;M;2007
680;Dementium: The Ward;True;1;True;True;Action;;Nintendo DS;M;2007
681;Rondo of Swords;True;1;True;True;Role-Playing (RPG),Strategy;;Nintendo DS;E;2007
682;Disgaea: Afternoon of Darkness;True;1;True;True;Role-Playing (RPG),Strategy;;Sony PSP;M;2007
683;NASCAR 08;True;1;True;True;Racing / Driving,Sports;EA;PlayStation 3;M;2007
684;Dragon Quest Swords: The Masked Queen and the T...;True;1;True;True;Action;SquareEnix;Nintendo Wii;T;2007
685;Call of Juarez;True;1;True;True;Action;Ubisoft;X360;E;2007
686;College Hoops 2K8;True;1;True;True;Sports;2K;X360;M;2007
687;Eternal Sonata;True;1;True;True;Role-Playing (RPG);Namco;X360;M;2007
688;Kingdom Under Fire: Circle of Doom;True;1;True;True;Action,Role-Playing (RPG);Microsoft;X360;E;2007
689;Vampire Rain;True;1;True;True;Action;Microsoft;X360;T;2007
690;All-Pro Football 2K8;True;6;True;True;Sports;2K;PlayStation 3;T;2007
691;Mercury Meltdown;True;2;True;True;Strategy;;Nintendo Wii;E;2007
692;Conan;True;1;True;True;Action,Adventure;THQ;PlayStation 3;E;2007
693;Godzilla: Unleashed;True;1;True;True;Action;Atari;Nintendo Wii;E;2007
694;NBA Live 08;True;1;True;True;Sports;EA;Nintendo Wii;M;2007
695;Conan;True;1;True;True;Action,Adventure;THQ;X360;E;2007
696;Spider-Man: Friend or Foe;True;2;True;True;Action;Activision;Nintendo Wii;T;2007
697;College Hoops 2K8;True;7;True;True;Sports;2K;PlayStation 3;M;2007
698;NBA 08;True;4;True;True;Sports;Sony;PlayStation 3;M;2007
699;Thrillville: Off the Rails;True;4;True;True;Simulation,Strategy;;X360;E;2007
700;Geometry Wars: Galaxies;True;1;True;True;Action;;Nintendo DS;T;2007
701;Rayman Raving Rabbids;True;1;True;True;Action;Ubisoft;Nintendo DS;M;2007
702;WordJong;True;1;True;True;Strategy;;Nintendo DS;M;2007
703;Warhammer 40,000: Squad Command;True;1;True;True;Strategy;THQ;Sony PSP;T;2007
704;Beowulf: The Game;True;1;True;True;Action;Ubisoft;PlayStation 3;T;2007
705;The Golden Compass;True;1;True;True;Action;Sega;PlayStation 3;M;2007
706;Scarface: The World is Yours;True;1;True;True;Action,Racing / Driving;;Nintendo Wii;M;2007
707;Hot Wheels: Beat That!;True;1;True;True;Action,Racing / Driving;Activision;X360;T;2007
708;NHL 2K8 ;True;1;True;True;Sports;2K;X360;T;2007
709;NBA Street Homecourt;True;4;True;True;Sports;EA;PlayStation 3;E;2007
710;Geometry Wars: Galaxies;True;2;True;True;Action;;Nintendo Wii;T;2007
711;Final Fantasy: Crystal Chronicles - Echoes of Time;True;1;True;True;Action;SquareEnix;Nintendo DS;T;2007
712;Godzilla Unleashed: Double Smash;True;1;True;True;Action;Atari;Nintendo DS;T;2007
713;MX vs. ATV Untamed;True;1;True;True;Racing / Driving;THQ;Nintendo DS;E;2007
714;WWE SmackDown vs. Raw 2008;True;1;True;True;Sports;THQ;Nintendo DS;T;2007
715;The BIGS;True;1;True;True;Action,Simulation,Sports;2K;Sony PSP;M;2007
716;Brave Story: New Traveler;True;1;True;True;Role-Playing (RPG);;Sony PSP;T;2007
717;WipEout Pulse;True;1;True;True;Action,Racing / Driving;Sony;Sony PSP;T;2007
718;TimeShift;True;1;True;True;Action;;PlayStation 3;M;2007
719;Star Trek: Conquest;True;1;True;True;Action,Strategy;;Nintendo Wii;T;2007
720;Beautiful Katamari;True;1;True;True;Action;Namco;X360;M;2007
721;Hour of Victory;True;1;True;True;Action;Midway;X360;M;2007
722;Fantastic Four: Rise of the Silver Surfer;True;4;True;True;Action;2K;PlayStation 3;M;2007
723;SEGA Rally Revo;True;2;True;True;Racing / Driving,Simulation;Sega;X360;E;2007
724;7 Wonders of the Ancient World;True;1;True;True;Strategy;;Nintendo DS;T;2007
725;Draglade;True;1;True;True;Action;;Nintendo DS;M;2007
726;Final Fantasy Fables: Chocobo Tales;True;1;True;True;Action;SquareEnix;Nintendo DS;M;2007
727;Marvel Trading Card Game;True;1;True;True;Strategy;Konami;Nintendo DS;M;2007
728;Crazy Taxi: Fare Wars;True;1;True;True;Action,Racing / Driving;Sega;Sony PSP;E;2007
729;The Golden Compass;True;1;True;True;Action;Sega;Sony PSP;E;2007
730;Harry Potter and the Order of the Phoenix;True;1;True;True;Action;EA;Sony PSP;E;2007
731;Bladestorm: The Hundred Years' War;True;1;True;True;Action,Role-Playing (RPG),Strategy;;PlayStation 3;E;2007
732;Surf's Up;True;4;True;True;Sports;Ubisoft;X360;E;2007
733;Blazing Angels 2: Secret Missions of WWII;True;2;True;True;Action;Ubisoft;X360;M;2007
734;InuYasha: Secret of the Divine Jewel;True;1;True;True;Role-Playing (RPG);Namco;Nintendo DS;T;2007
735;The Settlers;True;1;True;True;Strategy;Ubisoft;Nintendo DS;T;2007
736;Shrek the Third;True;1;True;True;Action;Activision;Sony PSP;T;2007
737;Ratatouille;True;1;True;True;Action;THQ;PlayStation 3;T;2007
738;Soldier of Fortune: Payback;True;1;True;True;Action;Activision;PlayStation 3;E;2007
739;Heatseeker;True;1;True;True;Action;;Nintendo Wii;T;2007
740;NHL 2K8;True;7;True;True;Sports;;PlayStation 3;E;2007
741;NCAA March Madness 08;True;4;True;True;Sports;EA;PlayStation 3;E;2007
742;Fantastic Four: Rise of the Silver Surfer;True;4;True;True;Action;2K;X360;E;2007
743;Monster Madness: Battle for Suburbia;True;4;True;True;Action;;X360;E;2007
744;Pro Evolution Soccer 2008;True;4;True;True;Sports;Konami;X360;M;2007
745;Blazing Angels 2: Secret Missions of WWII;True;2;True;True;Action;Ubisoft;PlayStation 3;T;2007
746;Cake Mania;True;1;True;True;Action;;Nintendo DS;M;2007
747;River King: Mystic Valley;True;1;True;True;Adventure,Simulation,Sports;;Nintendo DS;T;2007
748;Touch Detective 2 1/2;True;1;True;True;Adventure;;Nintendo DS;T;2007
749;7 Wonders of the Ancient World;True;1;True;True;Strategy;;Sony PSP;E;2007
750;Brooktown High;True;1;True;True;Simulation;Konami;Sony PSP;T;2007
751;Crush;True;1;True;True;Action;Sega;Sony PSP;E;2007
752;Jackass: The Game;True;1;True;True;Action;;Sony PSP;E;2007
753;The Sims 2: Castaway;True;1;True;True;Simulation;EA;Sony PSP;T;2007
754;Test Drive Unlimited;True;1;True;True;Racing / Driving;Atari;Sony PSP;M;2007
755;Thrillville: Off the Rails;True;1;True;True;Simulation,Strategy;;Sony PSP;T;2007
756;Victorious Boxers: Revolution;True;1;True;True;Action,Simulation,Sports;Ubisoft;Nintendo Wii;E;2007
757;Bladestorm: The Hundred Years' War;True;1;True;True;Action,Role-Playing (RPG),Strategy;;X360;T;2007
758;Looney Tunes: Acme Arsenal;True;4;True;True;Action;;X360;M;2007
759;SEGA Rally Revo;True;2;True;True;Racing / Driving,Simulation;Sega;PlayStation 3;T;2007
760;Death Jr. and the Science Fair of Doom;True;1;True;True;Action;Konami;Nintendo DS;M;2007
761;Indianapolis 500 Legends;True;1;True;True;Racing / Driving;;Nintendo DS;T;2007
762;Worms: Open Warfare 2;True;1;True;True;Action,Strategy;THQ;Nintendo DS;E;2007
763;Alien Syndrome;True;1;True;True;Action;Sega;Sony PSP;E;2007
764;BlackSite: Area 51;True;1;True;True;Action;Midway;PlayStation 3;E;2007
765;Code Lyoko: Quest for Infinity;True;1;True;True;Action;;Nintendo Wii;T;2007
766;Super Swing Golf Season 2;True;1;True;True;Sports;;Nintendo Wii;M;2007
767;FlatOut: Ultimate Carnage;True;1;True;True;Racing / Driving;;X360;E;2007
768;Zoids Assault;True;1;True;True;Role-Playing (RPG),Strategy;;X360;M;2007
769;Alien Syndrome;True;4;True;True;Action;Sega;Nintendo Wii;E;2007
770;Tetris Evolution;True;4;True;True;Strategy;THQ;X360;T;2007
771;Heroes of Mana;True;1;True;True;Strategy;SquareEnix;Nintendo DS;T;2007
772;Myst;True;1;True;True;Adventure;Midway;Nintendo DS;E;2007
773;Coded Arms: Contagion;True;1;True;True;Action;Konami;Sony PSP;E;2007
774;King of Clubs;True;1;True;True;Sports;;Nintendo Wii;E;2007
775;F.E.A.R. Files;True;1;True;True;Action;;X360;E;2007
776;Ontamarama;True;1;True;True;Action;;Nintendo DS;M;2007
777;Retro Game Challenge;True;1;True;True;Action,Racing / Driving,Role-Playing (RPG);Namco;Nintendo DS;T;2007
778;Ultimate Mortal Kombat 3;True;1;True;True;Action;Midway;Nintendo DS;E;2007
779;Warhammer 40,000: Squad Command;True;1;True;True;Strategy;THQ;Nintendo DS;T;2007
780;Juiced 2: Hot Import Nights;True;1;True;True;Racing / Driving;THQ;Sony PSP;E;2007
781;Pursuit Force: Extreme Justice;True;1;True;True;Action,Racing / Driving;Sony;Sony PSP;E;2007
782;Medal of Honor: Vanguard;True;1;True;True;Action;EA;Nintendo Wii;T;2007
783;World Series of Poker 2008: Battle for the Brac...;True;1;True;True;Simulation;Activision;X360;E;2007
784;Pro Evolution Soccer 2008;True;7;True;True;Sports;Konami;PlayStation 3;E;2007
785;Worms: Open Warfare 2;True;4;True;True;Action,Strategy;THQ;Sony PSP;T;2007
786;Surf's Up;True;4;True;True;Sports;Ubisoft;PlayStation 3;E;2007
787;Fantastic Four: Rise of the Silver Surfer;True;4;True;True;Action;2K;Nintendo Wii;E;2007
788;Brothers in Arms DS;True;1;True;True;Action;Ubisoft;Nintendo DS;E;2007
789;Bubble Bobble Double Shot;True;1;True;True;Action;;Nintendo DS;E;2007
790;Fantastic Four: Rise of the Silver Surfer;True;1;True;True;Action;2K;Nintendo DS;E;2007
791;Zendoku;True;1;True;True;Role-Playing (RPG),Strategy;Eidos;Nintendo DS;E;2007
792;Heatseeker;True;1;True;True;Action;;Sony PSP;T;2007
793;Manhunt 2;True;1;True;True;Action;Rockstar;Sony PSP;T;2007
794;SWAT: Target Liberty;True;1;True;True;Action,Strategy;;Sony PSP;E;2007
795;Anubis II;True;1;True;True;Action;;Nintendo Wii;M;2007
796;Barnyard;True;1;True;True;Action,Adventure;THQ;Nintendo Wii;T;2007
797;Escape from Bug Island;True;1;True;True;Action;Eidos;Nintendo Wii;T;2007
798;Octomania;True;1;True;True;Action,Strategy;;Nintendo Wii;M;2007
799;Cabela's Big Game Hunter;True;1;True;True;Simulation,Sports;Activision;X360;E;2007
800;UEFA Champions League 2006-2007;True;4;True;True;Sports;EA;X360;T;2007
801;Aliens Vs Predator: Requiem;True;2;True;True;Action;;Sony PSP;T;2007
802;NBA 08;True;2;True;True;Sports;Sony;Sony PSP;E;2007
803;Guilty Gear XX ? Core;True;2;True;True;Action;;Nintendo Wii;E;2007
804;Arkanoid DS;True;1;True;True;Strategy;SquareEnix;Nintendo DS;E;2007
805;Code Lyoko;True;1;True;True;Action,Adventure;;Nintendo DS;T;2007
806;Dynasty Warriors DS: Fighter's Battle;True;1;True;True;Action,Strategy;;Nintendo DS;T;2007
807;Orcs & Elves;True;1;True;True;Action,Role-Playing (RPG);EA;Nintendo DS;T;2007
808;Prism: Light the Way;True;1;True;True;Action,Strategy;Eidos;Nintendo DS;T;2007
809;Dead Head Fred;True;1;True;True;Action;;Sony PSP;E;2007
810;Hot Pixel;True;1;True;True;Action;Atari;Sony PSP;T;2007
811;The Legend of Heroes III: Song of the Ocean;True;1;True;True;Role-Playing (RPG);Namco;Sony PSP;T;2007
812;SEGA Rally Revo;True;1;True;True;Racing / Driving,Simulation;Sega;Sony PSP;T;2007
813;Bionicle Heroes;True;1;True;True;Action;Eidos;Nintendo Wii;T;2007
814;Burnout Dominator;True;4;True;True;Action,Racing / Driving;EA;Sony PSP;T;2007
815;Samurai Warriors 2: Empires;True;2;True;True;Action,Role-Playing (RPG),Strategy;;X360;E;2007
816;Meteos: Disney Magic;True;1;True;True;Strategy;Disney;Nintendo DS;T;2007
817;Turn It Around;True;1;True;True;Racing / Driving,Sports;;Nintendo DS;E;2007
818;Cube;True;1;True;True;Strategy;;Sony PSP;T;2007
819;Dragoneer's Aria;True;1;True;True;Role-Playing (RPG);;Sony PSP;E;2007
820;The Fast and the Furious;True;1;True;True;Racing / Driving;Namco;Sony PSP;M;2007
821;R-Type Command;True;1;True;True;Strategy;;Sony PSP;M;2007
822;Virtua Tennis 3;True;1;True;True;Sports;Sega;Sony PSP;M;2007
823;Virtua Tennis 3;True;4;True;True;Sports;Sega;X360;T;2007
824;Front Mission;True;1;True;True;Strategy;SquareEnix;Nintendo DS;E;2007
825;Lost in Blue 2;True;1;True;True;Role-Playing (RPG);Konami;Nintendo DS;T;2007
826;Nervous Brickdown;True;1;True;True;Action;;Nintendo DS;E;2007
827;Sea Monsters: A Prehistoric Adventure;True;1;True;True;Action,Educational;;Nintendo DS;T;2007
828;After Burner: Black Falcon;True;1;True;True;Action;Sega;Sony PSP;M;2007
829;Capcom Puzzle World;True;1;True;True;Strategy;Capcom;Sony PSP;M;2007
830;Puzzle Quest: Challenge of the Warlords;True;1;True;True;Role-Playing (RPG),Strategy;;Sony PSP;T;2007
831;Smash Court Tennis 3;True;1;True;True;Sports;Namco;Sony PSP;T;2007
832;UEFA Champions League 2006-2007;True;1;True;True;Sports;EA;Sony PSP;T;2007
833;Driver: Parallel Lines;True;1;True;True;Action,Racing / Driving;Ubisoft;Nintendo Wii;E;2007
834;Mario Kart Wii;True;4;True;True;Racing / Driving;Nintendo;Nintendo Wii;T;2008
835;Grand Theft Auto IV;True;1;True;True;Action,Racing / Driving;Rockstar;X360;E;2008
836;Super Smash Bros.: Brawl;True;6;True;True;Action;Nintendo;Nintendo Wii;T;2008
837;Call of Duty: World at War;True;4;True;True;Action;Activision;X360;E;2008
838;Grand Theft Auto IV;True;1;True;True;Action,Racing / Driving;Rockstar;PlayStation 3;E;2008
839;Gears of War 2;True;2;True;True;Action;Microsoft;X360;E;2008
840;Pokmon: Platinum Version;True;1;True;True;Adventure,Role-Playing (RPG);Nintendo;Nintendo DS;T;2008
841;Metal Gear Solid 4: Guns of the Patriots;True;1;True;True;Action;Konami;PlayStation 3;T;2008
842;Fable II;True;1;True;True;Role-Playing (RPG);Microsoft;X360;E;2008
843;Call of Duty: World at War;True;4;True;True;Action;Activision;PlayStation 3;T;2008
844;Guitar Hero: World Tour;True;4;True;True;Action,Simulation;Activision;Nintendo Wii;T;2008
845;LittleBigPlanet;True;4;True;True;Action;Sony;PlayStation 3;T;2008
846;Fallout 3;True;1;True;True;Action,Role-Playing (RPG);;X360;T;2008
847;LEGO Indiana Jones: The Original Adventures;True;2;True;True;Action;;X360;M;2008
848;Left 4 Dead;True;2;True;True;Action;;X360;M;2008
849;Madden NFL 09;True;4;True;True;Sports;EA;X360;T;2008
850;Guitar Hero: On Tour;True;1;True;True;Action,Simulation;Activision;Nintendo DS;M;2008
851;Kung Fu Panda;True;4;True;True;Action;Activision;X360;E;2008
852;Rock Band 2;True;4;True;True;Action,Simulation;;X360;E;2008
853;Sega Superstars Tennis;True;4;True;True;Sports;Sega;X360;E;2008
854;Guitar Hero: World Tour;True;4;True;True;Action,Simulation;Activision;X360;T;2008
855;Animal Crossing: City Folk;True;1;True;True;Simulation;Nintendo;Nintendo Wii;T;2008
856;Mario & Sonic at the Olympic Games;True;1;True;True;Action,Sports;Nintendo,Sega;Nintendo DS;T;2008
857;Madden NFL 09;True;4;True;True;Sports;EA;PlayStation 3;E;2008
858;LEGO Batman: The Videogame;True;2;True;True;Action;;X360;T;2008
859;Tom Clancy's Rainbow Six: Vegas 2;True;2;True;True;Action;Ubisoft;X360;M;2008
860;Kirby Super Star Ultra;True;1;True;True;Action;Nintendo;Nintendo DS;M;2008
861;Star Wars: The Force Unleashed;True;1;True;True;Action;;X360;T;2008
862;God of War: Chains of Olympus;True;1;True;True;Action;Sony;Sony PSP;T;2008
863;Fallout 3;True;1;True;True;Action,Role-Playing (RPG);;PlayStation 3;M;2008
864;Pure;True;1;True;True;Racing / Driving,Sports;Disney;X360;T;2008
865;LEGO Indiana Jones: The Original Adventures;True;2;True;True;Action;;Nintendo Wii;E;2008
866;Rock Band;True;2;True;True;Action,Simulation;;Nintendo Wii;T;2008
867;LEGO Batman: The Videogame;True;1;True;True;Action,Racing / Driving;;Nintendo DS;T;2008
868;Saints Row 2;True;1;True;True;Action,Racing / Driving;THQ;X360;E;2008
869;LEGO Batman: The Videogame;True;2;True;True;Action;;Nintendo Wii;E;2008
870;Call of Duty: World at War;True;2;True;True;Action;Activision;Nintendo Wii;M;2008
871;Midnight Club: Los Angeles;True;1;True;True;Racing / Driving;Rockstar;X360;E;2008
872;Mortal Kombat vs. DC Universe;True;2;True;True;Action;Midway;PlayStation 3;E;2008
873;Army of Two;True;2;True;True;Action;EA;X360;T;2008
874;Resistance 2;True;2;True;True;Action;Sony;PlayStation 3;E;2008
875;Rock Band 2;True;1;True;True;Action,Simulation;;PlayStation 3;E;2008
876;Midnight Club: Los Angeles;True;1;True;True;Racing / Driving;Rockstar;PlayStation 3;M;2008
877;Sonic Unleashed;True;1;True;True;Action;Sega;Nintendo Wii;E;2008
878;NBA 2K9 ;True;1;True;True;Sports;2K;X360;E;2008
879;Guitar Hero: World Tour;True;4;True;True;Action,Simulation;Activision;PlayStation 3;E;2008
880;Guitar Hero: Aerosmith;True;1;True;True;Action,Simulation;Activision;Nintendo Wii;E;2008
881;Star Wars: The Force Unleashed;True;2;True;True;Action;;Nintendo Wii;E;2008
882;Burnout Paradise;True;1;True;True;Action,Racing / Driving;EA;PlayStation 3;T;2008
883;Pokmon Ranger: Shadows of Almia;True;1;True;True;Action,Role-Playing (RPG);Nintendo;Nintendo DS;T;2008
884;Mortal Kombat vs. DC Universe;True;2;True;True;Action;Midway;X360;M;2008
885;Dead Space;True;1;True;True;Action;EA;PlayStation 3;M;2008
886;Shaun White Snowboarding: Road Trip;True;1;True;True;Sports;Ubisoft;Nintendo Wii;E;2008
887;Star Wars: The Force Unleashed;True;1;True;True;Action;;PlayStation 3;E;2008
888;Guitar Hero: Aerosmith;True;2;True;True;Action,Simulation;Activision;X360;E;2008
889;SOCOM: U.S. Navy SEALs - Confrontation;True;1;True;True;Action;Sony;PlayStation 3;E;2008
890;SoulCalibur IV;True;2;True;True;Action;Namco;X360;E;2008
891;Battlefield: Bad Company;True;1;True;True;Action;EA;X360;E;2008
892;Saints Row 2;True;1;True;True;Action,Racing / Driving;THQ;PlayStation 3;M;2008
893;Guitar Hero: On Tour - Decades;True;1;True;True;Action,Simulation;Activision;Nintendo DS;T;2008
894;Devil May Cry 4;True;1;True;True;Action;Capcom;X360;T;2008
895;Mystery Case Files: MillionHeir;True;1;True;True;Adventure;Nintendo;Nintendo DS;T;2008
896;Battlefield: Bad Company;True;1;True;True;Action;EA;PlayStation 3;T;2008
897;Army of Two;True;2;True;True;Action;EA;PlayStation 3;T;2008
898;Rayman Raving Rabbids TV Party;True;4;True;True;Action,Racing / Driving,Sports,Strategy;Ubisoft;Nintendo Wii;T;2008
899;The House of the Dead 2 & 3 Return;True;2;True;True;Action;Sega;Nintendo Wii;M;2008
900;Far Cry 2;True;1;True;True;Action;Ubisoft;X360;T;2008
901;Boom Blox;True;4;True;True;Action,Strategy;EA;Nintendo Wii;T;2008
902;Spore Creatures;True;1;True;True;Adventure,Simulation;EA;Nintendo DS;T;2008
903;Madden NFL 09;True;4;True;True;Sports;EA;Sony PSP;T;2008
904;NCAA Football 09;True;4;True;True;Sports;EA;X360;T;2008
905;MLB 08: The Show;True;2;True;True;Sports;Sony;PlayStation 3;E;2008
906;Tom Clancy's Rainbow Six: Vegas 2;True;2;True;True;Action;Ubisoft;PlayStation 3;E;2008
907;Mercenaries 2: World in Flames;True;1;True;True;Action;EA;X360;E;2008
908;Need for Speed: Undercover;True;1;True;True;Racing / Driving;EA;X360;E;2008
909;Guitar Hero: Aerosmith;True;2;True;True;Action,Simulation;Activision;PlayStation 3;M;2008
910;SoulCalibur IV;True;2;True;True;Action;Namco,Ubisoft;PlayStation 3;E;2008
911;Valkyria Chronicles;True;1;True;True;Action,Role-Playing (RPG),Strategy;Sega;PlayStation 3;T;2008
912;Harvest Moon: Tree of Tranquility;True;1;True;True;Role-Playing (RPG),Simulation;;Nintendo Wii;M;2008
913;Star Wars: The Clone Wars - Jedi Alliance;True;1;True;True;Action,Adventure;;Nintendo DS;T;2008
914;Need for Speed: Undercover;True;1;True;True;Racing / Driving;EA;PlayStation 3;E;2008
915;Wario Land: Shake It!;True;1;True;True;Action;Nintendo;Nintendo Wii;T;2008
916;NBA 2K9;True;7;True;True;Sports;2K;PlayStation 3;E;2008
917;Major League Baseball 2K9;True;1;True;True;Sports;2K;X360;E;2008
918;NCAA Football 09;True;4;True;True;Sports;EA;PlayStation 3;E;2008
919;Kung Fu Panda;True;1;True;True;Action;Activision;Nintendo DS;E;2008
920;Devil May Cry 4;True;1;True;True;Action;Capcom;PlayStation 3;T;2008
921;Tom Clancy's EndWar;True;1;True;True;Strategy;Ubisoft;X360;E;2008
922;LEGO Batman: The Videogame;True;1;True;True;Action;;Sony PSP;M;2008
923;BioShock;True;1;True;True;Action;2K;PlayStation 3;E;2008
924;Bully: Scholarship Edition;True;1;True;True;Action,Adventure;Rockstar;X360;T;2008
925;Prince of Persia;True;1;True;True;Action;Ubisoft;X360;T;2008
926;Kung Fu Panda;True;4;True;True;Action;Activision;Nintendo Wii;E;2008
927;Sonic Chronicles: The Dark Brotherhood;True;1;True;True;Action,Role-Playing (RPG);Sega;Nintendo DS;E;2008
928;Chrono Trigger;True;2;True;True;Role-Playing (RPG);SquareEnix;Nintendo DS;T;2008
929;Tomb Raider: Underworld;True;1;True;True;Action;Eidos;X360;E;2008
930;skate it;True;4;True;True;Action,Sports;EA;Nintendo Wii;T;2008
931;The Legendary Starfy;True;1;True;True;Action,Adventure;Nintendo;Nintendo DS;E;2008
932;Mirror's Edge;True;1;True;True;Action;EA;X360;T;2008
933;Haze;True;2;True;True;Action;Ubisoft;PlayStation 3;T;2008
934;Dissidia: Final Fantasy;True;1;True;True;Action,Role-Playing (RPG);SquareEnix;Sony PSP;T;2008
935;Sid Meier's Civilization: Revolution;True;1;True;True;Strategy;2K;X360;T;2008
936;Wall-E;True;4;True;True;Action;THQ;Nintendo Wii;E;2008
937;Prince of Persia;True;1;True;True;Action;Ubisoft;PlayStation 3;T;2008
938;NHL 09 ;True;1;True;True;Sports;EA;X360;E;2008
939;Brothers in Arms: Hell's Highway;True;1;True;True;Action;Ubisoft;X360;E;2008
940;Shaun White Snowboarding;True;1;True;True;Sports;Ubisoft;X360;T;2008
941;Turok;True;1;True;True;Action;;X360;E;2008
942;Iron Man;True;1;True;True;Action;Sega;Sony PSP;E;2008
943;De Blob;True;4;True;True;Action;THQ;Nintendo Wii;M;2008
944;Sonic Riders: Zero Gravity;True;4;True;True;Racing / Driving;Sega;Nintendo Wii;T;2008
945;Rhythm Heaven;True;1;True;True;Action;Nintendo;Nintendo DS;T;2008
946;Tomb Raider: Underworld;True;1;True;True;Action;Eidos;PlayStation 3;T;2008
947;Advance Wars: Days of Ruin;True;4;True;True;Strategy;Nintendo;Nintendo DS;E;2008
948;LEGO Batman: The Videogame;True;2;True;True;Action;;PlayStation 3;E;2008
949;Far Cry 2;True;1;True;True;Action;Ubisoft;PlayStation 3;T;2008
950;Harvest Moon: Island of Happiness;True;1;True;True;Simulation,Strategy;;Nintendo DS;E;2008
951;Brothers in Arms: Hell's Highway;True;1;True;True;Action;Ubisoft;PlayStation 3;T;2008
952;Sonic Unleashed;True;1;True;True;Action,Adventure;Sega;PlayStation 3;T;2008
953;Pinball Hall of Fame: The Williams Collection;True;1;True;True;Simulation;;Nintendo Wii;T;2008
954;Sonic Unleashed;True;1;True;True;Action,Adventure;Sega;X360;E;2008
955;Samba de Amigo;True;2;True;True;Action;Sega;Nintendo Wii;T;2008
956;?kami;True;1;True;True;Action;Capcom;Nintendo Wii;M;2008
957;LEGO Indiana Jones: The Original Adventures;True;2;True;True;Action;;PlayStation 3;E;2008
958;MotorStorm: Pacific Rift;True;4;True;True;Action,Racing / Driving,Sports;Sony;PlayStation 3;T;2008
959;Tiger Woods PGA Tour 09;True;4;True;True;Sports;EA;X360;E;2008
960;SimCity Creator;True;1;True;True;Simulation;EA;Nintendo Wii;E;2008
961;Tiger Woods PGA Tour 09;True;4;True;True;Sports;EA;PlayStation 3;E;2008
962;Sid Meier's Civilization: Revolution;True;1;True;True;Simulation,Strategy;2K;Nintendo DS;M;2008
963;Pure;True;1;True;True;Racing / Driving,Sports;Disney;PlayStation 3;M;2008
964;Turok;True;1;True;True;Action;;PlayStation 3;M;2008
965;Crash: Mind over Mutant;True;1;True;True;Action;;Nintendo Wii;E;2008
966;Spider-Man: Web of Shadows;True;1;True;True;Action;Activision;X360;E;2008
967;Frontlines: Fuel of War;True;1;True;True;Action;THQ;X360;M;2008
968;GRID;True;1;True;True;Racing / Driving,Simulation,Sports;;X360;E;2008
969;Too Human;True;1;True;True;Action,Role-Playing (RPG);Microsoft;X360;T;2008
970;Speed Racer: The Videogame;True;2;True;True;Racing / Driving;;Nintendo Wii;M;2008
971;LEGO Indiana Jones: The Original Adventures;True;1;True;True;Action;;Sony PSP;E;2008
972;SEGA Bass Fishing;True;1;True;True;Sports;Sega;Nintendo Wii;E;2008
973;The Chronicles of Narnia: Prince Caspian;True;2;True;True;Action,Role-Playing (RPG);Disney;Nintendo Wii;M;2008
974;Iron Man;True;1;True;True;Action;Sega;Nintendo DS;M;2008
975;The Sims 2: Apartment Pets;True;1;True;True;Simulation;EA;Nintendo DS;M;2008
976;MLB 08: The Show;True;1;True;True;Sports;Sony;Sony PSP;M;2008
977;Iron Man;True;1;True;True;Action;Sega;PlayStation 3;T;2008
978;Madagascar: Escape 2 Africa;True;1;True;True;Action,Adventure;Activision;Nintendo DS;T;2008
979;GRID;True;1;True;True;Racing / Driving,Simulation,Sports;;PlayStation 3;T;2008
980;NHL 09;True;1;True;True;Sports;EA;PlayStation 3;M;2008
981;Banjo-Kazooie: Nuts & Bolts;True;1;True;True;Action,Adventure,Racing / Driving,Sports;Microsoft;X360;E;2008
982;Hot Shots Golf: Out of Bounds;True;4;True;True;Sports;Sony;PlayStation 3;T;2008
983;Rune Factory 2: A Fantasy Harvest Moon;True;1;True;True;Action,Role-Playing (RPG),Simulation;;Nintendo DS;T;2008
984;SimCity Creator;True;1;True;True;Simulation;EA;Nintendo DS;M;2008
985;Patapon;True;1;True;True;Action,Strategy;Sony;Sony PSP;T;2008
986;Shaun White Snowboarding;True;1;True;True;Sports;Ubisoft;PlayStation 3;T;2008
987;Iron Man;True;1;True;True;Action;Sega;Nintendo Wii;T;2008
988;Sega Superstars Tennis;True;1;True;True;Sports;Sega;Nintendo DS;T;2008
989;Lost Planet: Extreme Condition;True;1;True;True;Action;Capcom;PlayStation 3;T;2008
990;Mirror's Edge;True;1;True;True;Action;EA;PlayStation 3;T;2008
991;The Incredible Hulk;True;1;True;True;Action;Sega;Nintendo Wii;T;2008
992;Condemned 2: Bloodshot;True;1;True;True;Action,Adventure;Sega;X360;T;2008
993;Sega Superstars Tennis;True;4;True;True;Sports;Sega;Nintendo Wii;E;2008
994;Speed Racer: The Videogame;True;1;True;True;Racing / Driving;;Nintendo DS;M;2008
995;Viva Pi$?ata: Pocket Paradise;True;1;True;True;Simulation,Strategy;THQ;Nintendo DS;T;2008
996;Tom Clancy's EndWar;True;1;True;True;Strategy;Ubisoft;PlayStation 3;M;2008
997;Iron Man;True;1;True;True;Action;Sega;X360;M;2008
998;Need for Speed: Undercover;True;4;True;True;Racing / Driving;EA;Nintendo Wii;E;2008
999;Wall-E;True;4;True;True;Action;THQ;X360;E;2008
1000;Spectrobes: Beyond the Portals;True;1;True;True;Action,Role-Playing (RPG);Disney;Nintendo DS;M;2008
1001;MX vs. ATV Untamed;True;1;True;True;Educational;Ubisoft;Sony PSP;T;2008
1002;Mercenaries 2: World in Flames;True;1;True;True;Action;EA;PlayStation 3;E;2008
1003;Infinite Undiscovery;True;1;True;True;Action,Role-Playing (RPG);SquareEnix;X360;T;2008
1004;TNA iMPACT!;True;4;True;True;Sports;Midway;X360;M;2008
1005;Enemy Territory: Quake Wars;True;1;True;True;Action;Activision;X360;T;2008
1006;Fire Emblem: Shadow Dragon;True;1;True;True;Role-Playing (RPG),Strategy;Nintendo;Nintendo DS;M;2008
1007;Neopets Puzzle Adventure;True;1;True;True;Adventure,Role-Playing (RPG),Strategy;Capcom;Nintendo DS;T;2008
1008;Tales of Vesperia;True;1;True;True;Adventure,Role-Playing (RPG);Namco;X360;M;2008
1009;SingStar ABBA;True;8;True;True;Action;Sony;PlayStation 3;T;2008
1010;Dragon Ball Z: Burst Limit;True;2;True;True;Action;Atari,Namco;X360;E;2008
1011;Apollo Justice: Ace Attorney;True;1;True;True;Adventure,Simulation;Capcom;Nintendo DS;T;2008
1012;Castlevania: Order of Ecclesia;True;1;True;True;Action,Adventure,Role-Playing (RPG);Konami;Nintendo DS;T;2008
1013;Mega Man Star Force 2: Zerker X Ninja;True;1;True;True;Action,Role-Playing (RPG);Capcom;Nintendo DS;T;2008
1014;Enemy Territory: Quake Wars;True;1;True;True;Action;Activision;PlayStation 3;T;2008
1015;Namco Museum: Virtual Arcade;True;1;True;True;Action,Racing / Driving;Namco;X360;T;2008
1016;NASCAR 09;True;1;True;True;Racing / Driving,Sports;EA;X360;T;2008
1017;Turning Point: Fall of Liberty;True;1;True;True;Action;;X360;M;2008
1018;Summer Athletics 2009;True;4;True;True;Sports;;Nintendo Wii;M;2008
1019;Unreal Tournament III;True;2;True;True;Action;Midway;X360;M;2008
1020;Shaun White Snowboarding;True;1;True;True;Racing / Driving,Sports;Ubisoft;Nintendo DS;T;2008
1021;Dark Sector;True;1;True;True;Action;;PlayStation 3;T;2008
1022;The Last Remnant;True;1;True;True;Role-Playing (RPG);SquareEnix;X360;T;2008
1023;Dragon Ball Z: Burst Limit;True;2;True;True;Action;Atari,Namco;PlayStation 3;M;2008
1024;NASCAR 09;True;1;True;True;Racing / Driving,Sports;EA;PlayStation 3;E;2008
1025;Turning Point: Fall of Liberty;True;1;True;True;Action;;PlayStation 3;T;2008
1026;MX vs. ATV Untamed;True;1;True;True;Racing / Driving;THQ;Nintendo Wii;E;2008
1027;Crash: Mind over Mutant;True;1;True;True;Action;;X360;M;2008
1028;The Incredible Hulk;True;1;True;True;Action;Sega;X360;E;2008
1029;Silent Hill: Homecoming;True;1;True;True;Action;Konami;X360;T;2008
1030;TNA iMPACT!;True;4;True;True;Sports;Midway;PlayStation 3;M;2008
1031;The Incredible Hulk;True;1;True;True;Action;Sega;PlayStation 3;T;2008
1032;Kung Fu Panda;True;1;True;True;Action;Activision;PlayStation 3;M;2008
1033;Dark Sector;True;1;True;True;Action;;X360;M;2008
1034;Tales of Symphonia: Dawn of the New World;True;4;True;True;Role-Playing (RPG);Namco;Nintendo Wii;T;2008
1035;Valkyrie Profile: Covenant of the Plume;True;1;True;True;Role-Playing (RPG),Strategy;SquareEnix;Nintendo DS;M;2008
1036;Spider-Man: Web of Shadows;True;1;True;True;Action;Activision;PlayStation 3;E;2008
1037;TV Show King;True;4;True;True;Strategy;;Nintendo Wii;T;2008
1038;AC/DC Live: Rock Band - Track Pack;True;4;True;True;Action,Simulation;;X360;M;2008
1039;The Chronicles of Narnia: Prince Caspian;True;1;True;True;Role-Playing (RPG);Disney;Nintendo DS;M;2008
1040;Hot Shots Golf: Open Tee 2;True;1;True;True;Sports;Sony;Sony PSP;E;2008
1041;AC/DC Live: Rock Band - Track Pack;True;1;True;True;Action,Simulation;;PlayStation 3;E;2008
1042;Harvest Moon: Magical Melody;True;4;True;True;Role-Playing (RPG),Simulation;;Nintendo Wii;T;2008
1043;Dynasty Warriors 6;True;2;True;True;Action,Strategy;;PlayStation 3;M;2008
1044;Order Up!;True;1;True;True;Action,Simulation;;Nintendo Wii;T;2008
1045;NBA Ballers: Chosen One;True;4;True;True;Sports;Midway;X360;T;2008
1046;Age of Empires: Mythologies;True;1;True;True;Strategy;THQ;Nintendo DS;T;2008
1047;LocoRoco 2;True;1;True;True;Action,Strategy;Sony;Sony PSP;M;2008
1048;Star Ocean: First Departure;True;1;True;True;Action,Role-Playing (RPG);SquareEnix;Sony PSP;T;2008
1049;Lost: Via Domus;True;1;True;True;Action,Adventure;Ubisoft;PlayStation 3;T;2008
1050;Tetris Party;True;4;True;True;Strategy;;Nintendo Wii;T;2008
1051;Bully: Scholarship Edition;True;2;True;True;Action,Adventure;Rockstar;Nintendo Wii;E;2008
1052;The Spiderwick Chronicles;True;2;True;True;Action,Adventure;;Nintendo Wii;M;2008
1053;Dynasty Warriors 6;True;2;True;True;Action,Strategy;;X360;M;2008
1054;Facebreaker;True;2;True;True;Sports;EA;X360;M;2008
1055;Ninja Gaiden: Dragon Sword;True;1;True;True;Action;;Nintendo DS;E;2008
1056;Condemned 2: Bloodshot;True;1;True;True;Action,Adventure;Sega;PlayStation 3;T;2008
1057;Silent Hill: Homecoming;True;1;True;True;Action;Konami;PlayStation 3;E;2008
1058;Command & Conquer: Red Alert 3;True;1;True;True;Strategy;EA;X360;T;2008
1059;Viking: Battle for Asgard;True;1;True;True;Action;Sega;X360;M;2008
1060;Beijing 2008;True;4;True;True;Sports;Sega;X360;T;2008
1061;Don King Presents: Prizefighter;True;2;True;True;Sports;2K;X360;M;2008
1062;Bomberman;True;1;True;True;Action,Strategy;;Sony PSP;M;2008
1063;Ferrari Challenge Trofeo Pirelli;True;1;True;True;Racing / Driving;;PlayStation 3;E;2008
1064;Command & Conquer 3: Kane's Wrath;True;1;True;True;Strategy;EA;X360;M;2008
1065;Lost: Via Domus;True;1;True;True;Action,Adventure;Ubisoft;X360;M;2008
1066;NHL 2K9 ;True;1;True;True;Sports;2K;X360;T;2008
1067;Eternal Sonata;True;2;True;True;Role-Playing (RPG);Namco;PlayStation 3;M;2008
1068;Viva Pi$?ata: Trouble in Paradise;True;2;True;True;Racing / Driving,Simulation,Strategy;Microsoft;X360;T;2008
1069;FlatOut: Head On;True;1;True;True;Racing / Driving,Sports;;Sony PSP;E;2008
1070;Viking: Battle for Asgard;True;1;True;True;Action;Sega;PlayStation 3;M;2008
1071;Neopets Puzzle Adventure;True;1;True;True;Role-Playing (RPG),Strategy;Capcom;Nintendo Wii;E;2008
1072;TNA iMPACT!;True;1;True;True;Sports;Midway;Nintendo Wii;E;2008
1073;Tomb Raider: Underworld;True;1;True;True;Action;Eidos;Nintendo Wii;T;2008
1074;The Club;True;4;True;True;Action;Sega;X360;T;2008
1075;The Chronicles of Narnia: Prince Caspian;True;2;True;True;Action,Role-Playing (RPG);Disney;X360;M;2008
1076;Cabela's Dangerous Hunts 2009;True;1;True;True;Sports;Activision;X360;M;2008
1077;Dark Messiah of Might and Magic: Elements;True;1;True;True;Action,Role-Playing (RPG);Ubisoft;X360;T;2008
1078;Fracture;True;1;True;True;Action;;X360;T;2008
1079;Bomberman Land;True;4;True;True;Action;;Nintendo Wii;T;2008
1080;Nitrobike;True;4;True;True;Action,Racing / Driving,Sports;Ubisoft;Nintendo Wii;E;2008
1081;Culdcept Saga;True;4;True;True;Strategy;Namco;X360;T;2008
1082;Facebreaker;True;2;True;True;Sports;;PlayStation 3;E;2008
1083;MLB Power Pros 2008;True;2;True;True;Sports;2K;Nintendo Wii;E;2008
1084;Mushroom Men: The Spore Wars;True;2;True;True;Action;;Nintendo Wii;E;2008
1085;Dragon Quest V: Hand of the Heavenly Bride;True;1;True;True;Role-Playing (RPG);SquareEnix;Nintendo DS;T;2008
1086;Ninjatown;True;1;True;True;Strategy;;Nintendo DS;T;2008
1087;Super Dodgeball Brawlers;True;1;True;True;Action,Sports;;Nintendo DS;T;2008
1088;Dokapon Kingdom;True;1;True;True;Role-Playing (RPG),Strategy;;Nintendo Wii;M;2008
1089;Alone in the Dark;True;1;True;True;Action,Adventure,Racing / Driving;Atari;X360;M;2008
1090;NBA 09: The Inside;True;4;True;True;Sports;Sony;PlayStation 3;M;2008
1091;Sega Superstars Tennis;True;4;True;True;Sports;Sega;PlayStation 3;M;2008
1092;Baja: Edge of Control;True;4;True;True;Racing / Driving,Simulation,Sports;THQ;X360;T;2008
1093;Destroy All Humans! Big Willy Unleashed;True;2;True;True;Adventure;THQ;Nintendo Wii;T;2008
1094;Space Invaders Extreme;True;1;True;True;Action;SquareEnix;Nintendo DS;T;2008
1095;Ultimate Band;True;1;True;True;Action,Simulation;Disney;Nintendo DS;E;2008
1096;The Club;True;4;True;True;Action;Sega;PlayStation 3;M;2008
1097;Madagascar: Escape 2 Africa;True;4;True;True;Action;Activision;PlayStation 3;M;2008
1098;NBA Ballers: Chosen One;True;4;True;True;Sports;Midway;PlayStation 3;M;2008
1099;Dream Pinball 3D;True;4;True;True;Simulation;;Nintendo Wii;M;2008
1100;Madagascar: Escape 2 Africa;True;4;True;True;Action;Activision;X360;T;2008
1101;Pro Evolution Soccer 2008;True;2;True;True;Sports;Konami;Nintendo Wii;T;2008
1102;Avalon Code;True;1;True;True;Action,Adventure,Role-Playing (RPG);;Nintendo DS;M;2008
1103;Disgaea DS;True;1;True;True;Role-Playing (RPG),Strategy;;Nintendo DS;M;2008
1104;Guitar Rock Tour;True;1;True;True;Simulation;;Nintendo DS;T;2008
1105;Lost in Blue 3;True;1;True;True;Role-Playing (RPG);Konami;Nintendo DS;M;2008
1106;Syberia;True;1;True;True;Adventure;;Nintendo DS;T;2008
1107;Afrika;True;1;True;True;Adventure,Simulation;Sony;PlayStation 3;T;2008
1108;NFL Head Coach 09;True;1;True;True;Simulation,Sports,Strategy;EA;PlayStation 3;T;2008
1109;NHL 2K9;True;1;True;True;Sports;2K;PlayStation 3;T;2008
1110;Brothers in Arms: Double Time;True;1;True;True;Action,Strategy;Ubisoft;Nintendo Wii;E;2008
1111;ObsCure: The Aftermath;True;1;True;True;Action;;Nintendo Wii;T;2008
1112;MotoGP 08;True;1;True;True;Racing / Driving,Simulation,Sports;;X360;T;2008
1113;NFL Head Coach 09;True;1;True;True;Simulation,Sports,Strategy;EA;X360;E;2008
1114;NFL Tour;True;1;True;True;Action,Sports;EA;X360;M;2008
1115;Pinball Hall of Fame: The Williams Collection;True;4;True;True;Simulation;;Sony PSP;T;2008
1116;Baja: Edge of Control;True;4;True;True;Racing / Driving,Simulation,Sports;THQ;PlayStation 3;M;2008
1117;NFL Tour;True;4;True;True;Action,Sports;EA;PlayStation 3;E;2008
1118;Wall-E;True;4;True;True;Action;THQ;PlayStation 3;M;2008
1119;Ninja Reflex;True;4;True;True;Action;EA;Nintendo Wii;E;2008
1120;Conflict: Denied Ops;True;4;True;True;Action;Eidos;X360;T;2008
1121;Top Spin 3;True;4;True;True;Sports;2K;X360;T;2008
1122;Blitz: The League II;True;2;True;True;Action,Sports;Midway;PlayStation 3;M;2008
1123;Hellboy: The Science of Evil;True;2;True;True;Action,Adventure;Konami;PlayStation 3;T;2008
1124;Castlevania Judgment;True;2;True;True;Action;Konami;Nintendo Wii;T;2008
1125;Death Jr. II: Root of Evil;True;2;True;True;Action;Eidos;Nintendo Wii;E;2008
1126;Raiden IV;True;2;True;True;Action;;X360;T;2008
1127;Metal Slug 7;True;1;True;True;Action;;Nintendo DS;M;2008
1128;Spider-Man: Web of Shadows;True;1;True;True;Action;Activision;Nintendo DS;E;2008
1129;Trauma Center: Under The Knife 2;True;1;True;True;Action,Simulation;;Nintendo DS;T;2008
1130;Fracture;True;1;True;True;Action;;PlayStation 3;M;2008
1131;Alone in the Dark;True;1;True;True;Action,Adventure,Racing / Driving;Atari;Nintendo Wii;T;2008
1132;Final Fantasy Fables: Chocobo's Dungeon;True;1;True;True;Action,Role-Playing (RPG);SquareEnix;Nintendo Wii;M;2008
1133;The King of Fighters Collection: The Orochi Saga;True;1;True;True;Action;;Nintendo Wii;E;2008
1134;Klonoa: Door to Phantomile;True;1;True;True;Action;Namco;Nintendo Wii;T;2008
1135;Samurai Warriors: Katana;True;1;True;True;Action;;Nintendo Wii;E;2008
1136;Battle of the Bands;True;2;True;True;Action,Simulation;THQ;Nintendo Wii;T;2008
1137;Hellboy: The Science of Evil;True;2;True;True;Action,Adventure;Konami;X360;M;2008
1138;Dragon Ball: Origins;True;1;True;True;Action,Adventure;Atari;Nintendo DS;M;2008
1139;Ninja Reflex;True;1;True;True;Action;EA;Nintendo DS;T;2008
1140;Space Bust-A-Move;True;1;True;True;Strategy;SquareEnix;Nintendo DS;M;2008
1141;Top Spin 3;True;1;True;True;Sports;2K;PlayStation 3;M;2008
1142;UEFA Euro 2008;True;7;True;True;Sports;EA;PlayStation 3;T;2008
1143;Blast Works: Build, Trade, Destroy;True;4;True;True;Action;;Nintendo Wii;T;2008
1144;FIFA Street 3;True;4;True;True;Sports;EA;X360;T;2008
1145;Blitz: The League II;True;2;True;True;Action,Sports;Midway;X360;M;2008
1146;Space Chimps;True;2;True;True;Action,Adventure;;X360;T;2008
1147;The Spiderwick Chronicles;True;2;True;True;Action,Adventure;;X360;E;2008
1148;Etrian Odyssey II: Heroes of Lagaard;True;1;True;True;Role-Playing (RPG);;Nintendo DS;T;2008
1149;Line Rider 2: Unbound;True;1;True;True;Simulation,Sports;;Nintendo DS;M;2008
1150;The King of Fighters Collection: The Orochi Saga;True;1;True;True;Action;;Sony PSP;E;2008
1151;Target: Terror;True;1;True;True;Action;Konami;Nintendo Wii;M;2008
1152;Legendary;True;1;True;True;Action;Atari;X360;T;2008
1153;Universe at War: Earth Assault;True;1;True;True;Action,Strategy;Sega;X360;T;2008
1154;Smash Court Tennis 3;True;4;True;True;Simulation,Sports;Atari;X360;E;2008
1155;Code Lyoko: Fall of X.A.N.A;True;1;True;True;Action,Role-Playing (RPG);;Nintendo DS;M;2008
1156;Knights in the Nightmare;True;1;True;True;Role-Playing (RPG),Strategy;;Nintendo DS;M;2008
1157;Lock's Quest;True;1;True;True;Action,Adventure,Strategy;THQ;Nintendo DS;E;2008
1158;Master of the Monster Lair;True;1;True;True;Role-Playing (RPG);;Nintendo DS;M;2008
1159;N+;True;1;True;True;Action;Atari;Nintendo DS;M;2008
1160;Pipe Mania;True;1;True;True;Strategy;;Nintendo DS;T;2008
1161;The Spiderwick Chronicles;True;1;True;True;Role-Playing (RPG);;Nintendo DS;E;2008
1162;Summon Night: Twin Age;True;1;True;True;Role-Playing (RPG);;Nintendo DS;E;2008
1163;Wild Arms XF;True;1;True;True;Role-Playing (RPG);;Sony PSP;M;2008
1164;FIFA Street 3;True;1;True;True;Sports;EA;PlayStation 3;T;2008
1165;MotoGP 08;True;1;True;True;Racing / Driving,Simulation,Sports;;PlayStation 3;T;2008
1166;Harvey Birdman: Attorney at Law;True;1;True;True;Adventure;Capcom;Nintendo Wii;M;2008
1167;Let's Tap;True;1;True;True;Simulation;Sega;Nintendo Wii;E;2008
1168;NHL 2K9;True;1;True;True;Sports;2K;Nintendo Wii;T;2008
1169;Conflict: Denied Ops;True;4;True;True;Action;Eidos;PlayStation 3;E;2008
1170;Worms: A Space Oddity;True;4;True;True;Action,Strategy;THQ;Nintendo Wii;M;2008
1171;UEFA Euro 2008;True;4;True;True;Sports;EA;X360;M;2008
1172;Overlord: Raising Hell;True;2;True;True;Action,Strategy;;PlayStation 3;T;2008
1173;Battle Fantasia;True;2;True;True;Action,Role-Playing (RPG);;X360;M;2008
1174;Bangai-O Spirits;True;1;True;True;Action;;Nintendo DS;M;2008
1175;Dungeon Explorer: Warriors of Ancient Arts;True;1;True;True;Action,Role-Playing (RPG);;Nintendo DS;M;2008
1176;From the Abyss;True;1;True;True;Action,Role-Playing (RPG);;Nintendo DS;T;2008
1177;New International Track & Field;True;1;True;True;Action,Sports;Konami;Nintendo DS;M;2008
1178;Soul Bubbles;True;1;True;True;Strategy;Eidos;Nintendo DS;T;2008
1179;Tropix!;True;1;True;True;Action;;Nintendo DS;M;2008
1180;Unsolved Crimes;True;1;True;True;Action,Adventure,Racing / Driving;;Nintendo DS;T;2008
1181;Zubo;True;1;True;True;Adventure,Role-Playing (RPG),Strategy;EA;Nintendo DS;E;2008
1182;Ford Racing Off Road;True;1;True;True;Racing / Driving;;Sony PSP;M;2008
1183;Harvey Birdman: Attorney at Law;True;1;True;True;Adventure;Capcom;Sony PSP;M;2008
1184;Secret Agent Clank;True;1;True;True;Action;Sony;Sony PSP;M;2008
1185;Space Invaders Extreme;True;1;True;True;Action;SquareEnix;Sony PSP;M;2008
1186;Armored Core: For Answer;True;1;True;True;Action;Ubisoft;PlayStation 3;M;2008
1187;Legendary;True;1;True;True;Action;Atari;PlayStation 3;E;2008
1188;Agatha Christie: Evil Under the Sun;True;1;True;True;Adventure;;Nintendo Wii;M;2008
1189;Agatha Christie: And Then There Were None;True;1;True;True;Adventure;;Nintendo Wii;M;2008
1190;Armored Core: For Answer;True;1;True;True;Action;Ubisoft;X360;T;2008
1191;Cradle of Rome;True;1;True;True;Strategy;;Nintendo DS;E;2008
1192;The Dark Spire;True;1;True;True;Adventure,Role-Playing (RPG);;Nintendo DS;T;2008
1193;Flower, Sun and Rain;True;1;True;True;Adventure;;Nintendo DS;M;2008
1194;Insecticide;True;1;True;True;Action,Adventure;;Nintendo DS;T;2008
1195;Izuna 2: The Unemployed Ninja Returns;True;1;True;True;Role-Playing (RPG);;Nintendo DS;E;2008
1196;Looney Tunes: Cartoon Conductor;True;1;True;True;Action;Eidos;Nintendo DS;M;2008
1197;Nanostray 2;True;1;True;True;Action;;Nintendo DS;M;2008
1198;Hellboy: The Science of Evil;True;1;True;True;Action;Konami;Sony PSP;E;2008
1199;Pipe Mania;True;1;True;True;Strategy;;Sony PSP;T;2008
1200;UEFA Euro 2008;True;1;True;True;Sports;EA;Sony PSP;E;2008
1201;Vampire Rain;True;1;True;True;Action;;PlayStation 3;E;2008
1202;Baroque;True;1;True;True;Action,Role-Playing (RPG);;Nintendo Wii;T;2008
1203;Supreme Commander;True;1;True;True;Strategy;;X360;T;2008
1204;Hail to the Chimp;True;4;True;True;Action,Strategy;;X360;M;2008
1205;Assassin's Creed: Altar's Chronicles;True;1;True;True;Action;Ubisoft;Nintendo DS;T;2008
1206;The Legend of Kage 2;True;1;True;True;Action;SquareEnix;Nintendo DS;E;2008
1207;Rhapsody: A Musical Adventure;True;1;True;True;Role-Playing (RPG);;Nintendo DS;M;2008
1208;Secret Files: Tunguska;True;1;True;True;Adventure;;Nintendo DS;M;2008
1209;Fading Shadows;True;1;True;True;Action,Adventure;;Sony PSP;E;2008
1210;Hail to the Chimp;True;1;True;True;Action,Strategy;;PlayStation 3;M;2008
1211;Secret Files: Tunguska;True;2;True;True;Adventure;;Nintendo Wii;M;2008
1212;Chicken Hunter;True;1;True;True;Action;;Nintendo DS;T;2008
